id,image_id,robot_id,captured_at,temperature_data,image_path
1,IMG-XwO8fjPh,ROBOT-KwfD6PLV,Fri May 09 2025 01:39:28 GMT+0800 (中国标准时间),"[object Object],[object Object],[object Object],[object Object],[object Object],[object Object],[object Object],[object Object],[object Object],[object Object]",/images/thermal-1.jpg
2,IMG-uj9asujm,ROBOT-pR0ImD6g,Fri Sep 12 2025 18:58:53 GMT+0800 (中国标准时间),"[object Object],[object Object],[object Object],[object Object],[object Object],[object Object],[object Object],[object Object],[object Object],[object Object]",/images/thermal-2.jpg
3,IMG-2GL5l7Rf,ROBOT-2roxfreH,Wed Dec 17 2025 00:29:13 GMT+0800 (中国标准时间),"[object Object],[object Object],[object Object],[object Object],[object Object],[object Object],[object Object],[object Object],[object Object],[object Object]",/images/thermal-3.jpg
4,IMG-0ZpWWiIa,ROBOT-EQ8EaEol,Tue Dec 02 2025 02:54:42 GMT+0800 (中国标准时间),"[object Object],[object Object],[object Object],[object Object],[object Object],[object Object],[object Object],[object Object],[object Object],[object Object]",/images/thermal-4.jpg
5,IMG-oOdl0EbE,ROBOT-4UkWqqZ8,Sat Oct 11 2025 14:25:37 GMT+0800 (中国标准时间),"[object Object],[object Object],[object Object],[object Object],[object Object],[object Object],[object Object],[object Object],[object Object],[object Object]",/images/thermal-5.jpg
6,IMG-3Kk5ZgvL,ROBOT-8zsVgetk,Thu Feb 19 2026 05:49:37 GMT+0800 (中国标准时间),"[object Object],[object Object],[object Object],[object Object],[object Object],[object Object],[object Object],[object Object],[object Object],[object Object]",/images/thermal-6.jpg
7,IMG-wNXUPEOl,ROBOT-lXX3GRE9,Sat Aug 30 2025 05:26:33 GMT+0800 (中国标准时间),"[object Object],[object Object],[object Object],[object Object],[object Object],[object Object],[object Object],[object Object],[object Object],[object Object]",/images/thermal-7.jpg
8,IMG-OhGtOKjk,ROBOT-LA7puksW,Thu May 22 2025 14:22:02 GMT+0800 (中国标准时间),"[object Object],[object Object],[object Object],[object Object],[object Object],[object Object],[object Object],[object Object],[object Object],[object Object]",/images/thermal-8.jpg
9,IMG-DsBO9r0Y,ROBOT-6pJF8arI,Thu Apr 10 2025 14:52:40 GMT+0800 (中国标准时间),"[object Object],[object Object],[object Object],[object Object],[object Object],[object Object],[object Object],[object Object],[object Object],[object Object]",/images/thermal-9.jpg
10,IMG-okQaTUMf,ROBOT-4UkWqqZ8,Wed Aug 13 2025 14:53:57 GMT+0800 (中国标准时间),"[object Object],[object Object],[object Object],[object Object],[object Object],[object Object],[object Object],[object Object],[object Object],[object Object]",/images/thermal-10.jpg
11,IMG-xILq5Uvw,ROBOT-hPU4gpka,Sat May 10 2025 20:46:35 GMT+0800 (中国标准时间),"[object Object],[object Object],[object Object],[object Object],[object Object],[object Object],[object Object],[object Object],[object Object],[object Object]",/images/thermal-11.jpg
12,IMG-Wi7xPWo0,ROBOT-1g0IqXXE,Wed Jul 23 2025 08:14:27 GMT+0800 (中国标准时间),"[object Object],[object Object],[object Object],[object Object],[object Object],[object Object],[object Object],[object Object],[object Object],[object Object]",/images/thermal-12.jpg
13,IMG-CIHljZu2,ROBOT-aTJH5fSS,Fri Feb 13 2026 18:47:04 GMT+0800 (中国标准时间),"[object Object],[object Object],[object Object],[object Object],[object Object],[object Object],[object Object],[object Object],[object Object],[object Object]",/images/thermal-13.jpg
14,IMG-BespIykt,ROBOT-OPv2j6MD,Mon May 19 2025 03:10:01 GMT+0800 (中国标准时间),"[object Object],[object Object],[object Object],[object Object],[object Object],[object Object],[object Object],[object Object],[object Object],[object Object]",/images/thermal-14.jpg
15,IMG-duHbidXt,ROBOT-UXkCYHa0,Sat Mar 15 2025 00:41:38 GMT+0800 (中国标准时间),"[object Object],[object Object],[object Object],[object Object],[object Object],[object Object],[object Object],[object Object],[object Object],[object Object]",/images/thermal-15.jpg
16,IMG-rWPBDWgC,ROBOT-boerqHMO,Thu May 01 2025 16:38:05 GMT+0800 (中国标准时间),"[object Object],[object Object],[object Object],[object Object],[object Object],[object Object],[object Object],[object Object],[object Object],[object Object]",/images/thermal-16.jpg
17,IMG-fgLyaDOs,ROBOT-yb1MAjHF,Sun Dec 07 2025 19:13:29 GMT+0800 (中国标准时间),"[object Object],[object Object],[object Object],[object Object],[object Object],[object Object],[object Object],[object Object],[object Object],[object Object]",/images/thermal-17.jpg
18,IMG-3HDH3zI0,ROBOT-LA7puksW,Wed Jul 16 2025 17:25:41 GMT+0800 (中国标准时间),"[object Object],[object Object],[object Object],[object Object],[object Object],[object Object],[object Object],[object Object],[object Object],[object Object]",/images/thermal-18.jpg
19,IMG-YkUUgnCS,ROBOT-RTXkvCcl,Wed Feb 04 2026 00:41:15 GMT+0800 (中国标准时间),"[object Object],[object Object],[object Object],[object Object],[object Object],[object Object],[object Object],[object Object],[object Object],[object Object]",/images/thermal-19.jpg
20,IMG-YpQ1gR92,ROBOT-CaI3ZJi4,Mon Jun 09 2025 13:57:51 GMT+0800 (中国标准时间),"[object Object],[object Object],[object Object],[object Object],[object Object],[object Object],[object Object],[object Object],[object Object],[object Object]",/images/thermal-20.jpg
21,IMG-a1OZ6tGo,ROBOT-bkWPPk8B,Fri Jul 18 2025 23:31:50 GMT+0800 (中国标准时间),"[object Object],[object Object],[object Object],[object Object],[object Object],[object Object],[object Object],[object Object],[object Object],[object Object]",/images/thermal-21.jpg
22,IMG-dBMLmBBz,ROBOT-hicmwUJ5,Wed Feb 18 2026 06:23:53 GMT+0800 (中国标准时间),"[object Object],[object Object],[object Object],[object Object],[object Object],[object Object],[object Object],[object Object],[object Object],[object Object]",/images/thermal-22.jpg
23,IMG-VanSdCnS,ROBOT-Sj3lslag,Fri Jan 30 2026 16:00:17 GMT+0800 (中国标准时间),"[object Object],[object Object],[object Object],[object Object],[object Object],[object Object],[object Object],[object Object],[object Object],[object Object]",/images/thermal-23.jpg
24,IMG-4tr0wQPZ,ROBOT-c7Z0MqRV,Fri Jan 23 2026 05:37:12 GMT+0800 (中国标准时间),"[object Object],[object Object],[object Object],[object Object],[object Object],[object Object],[object Object],[object Object],[object Object],[object Object]",/images/thermal-24.jpg
25,IMG-yxC8SPyB,ROBOT-VgK3mAus,Wed Nov 05 2025 19:06:55 GMT+0800 (中国标准时间),"[object Object],[object Object],[object Object],[object Object],[object Object],[object Object],[object Object],[object Object],[object Object],[object Object]",/images/thermal-25.jpg
26,IMG-Lk5AAvaY,ROBOT-Sj3lslag,Sat Aug 02 2025 04:31:43 GMT+0800 (中国标准时间),"[object Object],[object Object],[object Object],[object Object],[object Object],[object Object],[object Object],[object Object],[object Object],[object Object]",/images/thermal-26.jpg
27,IMG-ooRPgZ1V,ROBOT-OusILxGx,Wed May 28 2025 19:54:02 GMT+0800 (中国标准时间),"[object Object],[object Object],[object Object],[object Object],[object Object],[object Object],[object Object],[object Object],[object Object],[object Object]",/images/thermal-27.jpg
28,IMG-G5ONk24n,ROBOT-SdU3FGbN,Fri May 16 2025 02:15:33 GMT+0800 (中国标准时间),"[object Object],[object Object],[object Object],[object Object],[object Object],[object Object],[object Object],[object Object],[object Object],[object Object]",/images/thermal-28.jpg
29,IMG-hQMTr01y,ROBOT-iXEuVhLt,Sun Dec 28 2025 17:45:29 GMT+0800 (中国标准时间),"[object Object],[object Object],[object Object],[object Object],[object Object],[object Object],[object Object],[object Object],[object Object],[object Object]",/images/thermal-29.jpg
30,IMG-ptczmsCH,ROBOT-0DwECs9R,Sat May 03 2025 22:06:06 GMT+0800 (中国标准时间),"[object Object],[object Object],[object Object],[object Object],[object Object],[object Object],[object Object],[object Object],[object Object],[object Object]",/images/thermal-30.jpg
31,IMG-6RNKAPkc,ROBOT-tvIpmeFj,Sat Sep 13 2025 01:09:13 GMT+0800 (中国标准时间),"[object Object],[object Object],[object Object],[object Object],[object Object],[object Object],[object Object],[object Object],[object Object],[object Object]",/images/thermal-31.jpg
32,IMG-tF0UGOWd,ROBOT-dO3BCg1G,Mon Feb 09 2026 03:12:08 GMT+0800 (中国标准时间),"[object Object],[object Object],[object Object],[object Object],[object Object],[object Object],[object Object],[object Object],[object Object],[object Object]",/images/thermal-32.jpg
33,IMG-J38b8yHD,ROBOT-CCjSk02r,Sat Oct 18 2025 13:02:09 GMT+0800 (中国标准时间),"[object Object],[object Object],[object Object],[object Object],[object Object],[object Object],[object Object],[object Object],[object Object],[object Object]",/images/thermal-33.jpg
34,IMG-QqmrPxNj,ROBOT-PjyTLIrd,Tue May 20 2025 03:59:02 GMT+0800 (中国标准时间),"[object Object],[object Object],[object Object],[object Object],[object Object],[object Object],[object Object],[object Object],[object Object],[object Object]",/images/thermal-34.jpg
35,IMG-DOw55D5u,ROBOT-BFisYeli,Sun Apr 13 2025 20:38:47 GMT+0800 (中国标准时间),"[object Object],[object Object],[object Object],[object Object],[object Object],[object Object],[object Object],[object Object],[object Object],[object Object]",/images/thermal-35.jpg
36,IMG-HHpuRFfS,ROBOT-40YZZvsZ,Sat Mar 08 2025 23:43:44 GMT+0800 (中国标准时间),"[object Object],[object Object],[object Object],[object Object],[object Object],[object Object],[object Object],[object Object],[object Object],[object Object]",/images/thermal-36.jpg
37,IMG-J8MlgCSK,ROBOT-4idoAxGk,Sat Mar 15 2025 14:36:43 GMT+0800 (中国标准时间),"[object Object],[object Object],[object Object],[object Object],[object Object],[object Object],[object Object],[object Object],[object Object],[object Object]",/images/thermal-37.jpg
38,IMG-MpucYpjS,ROBOT-Bh9I7Z0b,Fri Oct 24 2025 01:42:58 GMT+0800 (中国标准时间),"[object Object],[object Object],[object Object],[object Object],[object Object],[object Object],[object Object],[object Object],[object Object],[object Object]",/images/thermal-38.jpg
39,IMG-P6kKY8Lo,ROBOT-sQukrp6M,Wed Feb 25 2026 04:51:42 GMT+0800 (中国标准时间),"[object Object],[object Object],[object Object],[object Object],[object Object],[object Object],[object Object],[object Object],[object Object],[object Object]",/images/thermal-39.jpg
40,IMG-fPePinxl,ROBOT-CCjSk02r,Mon Jun 09 2025 14:24:46 GMT+0800 (中国标准时间),"[object Object],[object Object],[object Object],[object Object],[object Object],[object Object],[object Object],[object Object],[object Object],[object Object]",/images/thermal-40.jpg
41,IMG-cwDOmxJC,ROBOT-GZEIlGVI,Sun Jan 18 2026 16:23:47 GMT+0800 (中国标准时间),"[object Object],[object Object],[object Object],[object Object],[object Object],[object Object],[object Object],[object Object],[object Object],[object Object]",/images/thermal-41.jpg
42,IMG-rHiIJqOJ,ROBOT-vS7OGxVq,Sat Aug 23 2025 22:43:07 GMT+0800 (中国标准时间),"[object Object],[object Object],[object Object],[object Object],[object Object],[object Object],[object Object],[object Object],[object Object],[object Object]",/images/thermal-42.jpg
43,IMG-ZR219mpD,ROBOT-cyiFsA5I,Sun Mar 30 2025 14:40:20 GMT+0800 (中国标准时间),"[object Object],[object Object],[object Object],[object Object],[object Object],[object Object],[object Object],[object Object],[object Object],[object Object]",/images/thermal-43.jpg
44,IMG-VORcRwwm,ROBOT-KwfD6PLV,Sat Sep 27 2025 12:50:34 GMT+0800 (中国标准时间),"[object Object],[object Object],[object Object],[object Object],[object Object],[object Object],[object Object],[object Object],[object Object],[object Object]",/images/thermal-44.jpg
45,IMG-VdS35mPU,ROBOT-KVRLui3p,Thu Oct 16 2025 09:10:29 GMT+0800 (中国标准时间),"[object Object],[object Object],[object Object],[object Object],[object Object],[object Object],[object Object],[object Object],[object Object],[object Object]",/images/thermal-45.jpg
46,IMG-eYovRg6m,ROBOT-DKX4XG9C,Sat May 03 2025 03:13:15 GMT+0800 (中国标准时间),"[object Object],[object Object],[object Object],[object Object],[object Object],[object Object],[object Object],[object Object],[object Object],[object Object]",/images/thermal-46.jpg
47,IMG-qfsNYuF1,ROBOT-1g0IqXXE,Sun Sep 07 2025 20:34:53 GMT+0800 (中国标准时间),"[object Object],[object Object],[object Object],[object Object],[object Object],[object Object],[object Object],[object Object],[object Object],[object Object]",/images/thermal-47.jpg
48,IMG-HEp2Wa9A,ROBOT-hPU4gpka,Sat Feb 28 2026 18:29:12 GMT+0800 (中国标准时间),"[object Object],[object Object],[object Object],[object Object],[object Object],[object Object],[object Object],[object Object],[object Object],[object Object]",/images/thermal-48.jpg
49,IMG-aTta3JCh,ROBOT-40YZZvsZ,Sat Nov 15 2025 15:00:37 GMT+0800 (中国标准时间),"[object Object],[object Object],[object Object],[object Object],[object Object],[object Object],[object Object],[object Object],[object Object],[object Object]",/images/thermal-49.jpg
50,IMG-7K7vRrW1,ROBOT-cyiFsA5I,Wed Dec 17 2025 07:31:43 GMT+0800 (中国标准时间),"[object Object],[object Object],[object Object],[object Object],[object Object],[object Object],[object Object],[object Object],[object Object],[object Object]",/images/thermal-50.jpg
51,IMG-aPhG5i5l,ROBOT-ekKv5k5v,Tue Dec 30 2025 14:10:29 GMT+0800 (中国标准时间),"[object Object],[object Object],[object Object],[object Object],[object Object],[object Object],[object Object],[object Object],[object Object],[object Object]",/images/thermal-51.jpg
52,IMG-csF3inCJ,ROBOT-Qw0atLgr,Sat Mar 15 2025 16:58:54 GMT+0800 (中国标准时间),"[object Object],[object Object],[object Object],[object Object],[object Object],[object Object],[object Object],[object Object],[object Object],[object Object]",/images/thermal-52.jpg
53,IMG-BczSR1Ns,ROBOT-m4pdHdEN,Sun Jun 01 2025 03:13:56 GMT+0800 (中国标准时间),"[object Object],[object Object],[object Object],[object Object],[object Object],[object Object],[object Object],[object Object],[object Object],[object Object]",/images/thermal-53.jpg
54,IMG-R0SLI766,ROBOT-BwX07PJH,Sun Mar 09 2025 00:45:52 GMT+0800 (中国标准时间),"[object Object],[object Object],[object Object],[object Object],[object Object],[object Object],[object Object],[object Object],[object Object],[object Object]",/images/thermal-54.jpg
55,IMG-ihp71VNQ,ROBOT-oFoV0rnR,Mon Dec 29 2025 12:38:40 GMT+0800 (中国标准时间),"[object Object],[object Object],[object Object],[object Object],[object Object],[object Object],[object Object],[object Object],[object Object],[object Object]",/images/thermal-55.jpg
56,IMG-KTqOHokf,ROBOT-3Qlx7w4H,Wed Nov 26 2025 08:58:30 GMT+0800 (中国标准时间),"[object Object],[object Object],[object Object],[object Object],[object Object],[object Object],[object Object],[object Object],[object Object],[object Object]",/images/thermal-56.jpg
57,IMG-BPPjYOVW,ROBOT-SGzclK5Z,Fri Feb 27 2026 01:48:52 GMT+0800 (中国标准时间),"[object Object],[object Object],[object Object],[object Object],[object Object],[object Object],[object Object],[object Object],[object Object],[object Object]",/images/thermal-57.jpg
58,IMG-UL0FwGOe,ROBOT-bkWPPk8B,Mon Sep 08 2025 10:41:24 GMT+0800 (中国标准时间),"[object Object],[object Object],[object Object],[object Object],[object Object],[object Object],[object Object],[object Object],[object Object],[object Object]",/images/thermal-58.jpg
59,IMG-OmHebzYE,ROBOT-MoFliHTg,Mon Sep 01 2025 21:20:05 GMT+0800 (中国标准时间),"[object Object],[object Object],[object Object],[object Object],[object Object],[object Object],[object Object],[object Object],[object Object],[object Object]",/images/thermal-59.jpg
60,IMG-9MclcsI5,ROBOT-S6MWdQd0,Thu Dec 25 2025 22:17:21 GMT+0800 (中国标准时间),"[object Object],[object Object],[object Object],[object Object],[object Object],[object Object],[object Object],[object Object],[object Object],[object Object]",/images/thermal-60.jpg
61,IMG-MOZI5qX4,ROBOT-SfUblCs8,Wed Sep 03 2025 14:20:41 GMT+0800 (中国标准时间),"[object Object],[object Object],[object Object],[object Object],[object Object],[object Object],[object Object],[object Object],[object Object],[object Object]",/images/thermal-61.jpg
62,IMG-aE0YZnvO,ROBOT-SdU3FGbN,Thu May 08 2025 19:50:31 GMT+0800 (中国标准时间),"[object Object],[object Object],[object Object],[object Object],[object Object],[object Object],[object Object],[object Object],[object Object],[object Object]",/images/thermal-62.jpg
63,IMG-aZufWXnd,ROBOT-gkEYi6Rx,Thu Nov 27 2025 11:38:39 GMT+0800 (中国标准时间),"[object Object],[object Object],[object Object],[object Object],[object Object],[object Object],[object Object],[object Object],[object Object],[object Object]",/images/thermal-63.jpg
64,IMG-tobcyvPm,ROBOT-Kf0dYN32,Thu Sep 04 2025 03:45:38 GMT+0800 (中国标准时间),"[object Object],[object Object],[object Object],[object Object],[object Object],[object Object],[object Object],[object Object],[object Object],[object Object]",/images/thermal-64.jpg
65,IMG-mcGlfYDw,ROBOT-2CBdJZKe,Mon Apr 28 2025 05:08:49 GMT+0800 (中国标准时间),"[object Object],[object Object],[object Object],[object Object],[object Object],[object Object],[object Object],[object Object],[object Object],[object Object]",/images/thermal-65.jpg
66,IMG-wjJWZlTx,ROBOT-M6uWFEms,Fri Sep 26 2025 20:27:49 GMT+0800 (中国标准时间),"[object Object],[object Object],[object Object],[object Object],[object Object],[object Object],[object Object],[object Object],[object Object],[object Object]",/images/thermal-66.jpg
67,IMG-noyEtrp1,ROBOT-TR4rxflg,Sat Jul 26 2025 20:15:20 GMT+0800 (中国标准时间),"[object Object],[object Object],[object Object],[object Object],[object Object],[object Object],[object Object],[object Object],[object Object],[object Object]",/images/thermal-67.jpg
68,IMG-AEyo3y2J,ROBOT-2CBdJZKe,Mon Nov 24 2025 19:28:13 GMT+0800 (中国标准时间),"[object Object],[object Object],[object Object],[object Object],[object Object],[object Object],[object Object],[object Object],[object Object],[object Object]",/images/thermal-68.jpg
69,IMG-u8FmNsWy,ROBOT-s7oMi93x,Fri May 16 2025 23:39:56 GMT+0800 (中国标准时间),"[object Object],[object Object],[object Object],[object Object],[object Object],[object Object],[object Object],[object Object],[object Object],[object Object]",/images/thermal-69.jpg
70,IMG-4sz2Qylp,ROBOT-ETvykqwl,Tue Aug 19 2025 22:18:22 GMT+0800 (中国标准时间),"[object Object],[object Object],[object Object],[object Object],[object Object],[object Object],[object Object],[object Object],[object Object],[object Object]",/images/thermal-70.jpg
71,IMG-kPRjJ7Z3,ROBOT-ghBbkrMU,Fri Oct 24 2025 07:56:36 GMT+0800 (中国标准时间),"[object Object],[object Object],[object Object],[object Object],[object Object],[object Object],[object Object],[object Object],[object Object],[object Object]",/images/thermal-71.jpg
72,IMG-gGhTdMsL,ROBOT-MNyGeASc,Wed Sep 03 2025 00:39:51 GMT+0800 (中国标准时间),"[object Object],[object Object],[object Object],[object Object],[object Object],[object Object],[object Object],[object Object],[object Object],[object Object]",/images/thermal-72.jpg
73,IMG-ORzulTDX,ROBOT-r4w5jAfK,Wed Jul 09 2025 23:02:58 GMT+0800 (中国标准时间),"[object Object],[object Object],[object Object],[object Object],[object Object],[object Object],[object Object],[object Object],[object Object],[object Object]",/images/thermal-73.jpg
74,IMG-qESbtTJR,ROBOT-pR0ImD6g,Mon Oct 27 2025 12:51:23 GMT+0800 (中国标准时间),"[object Object],[object Object],[object Object],[object Object],[object Object],[object Object],[object Object],[object Object],[object Object],[object Object]",/images/thermal-74.jpg
75,IMG-QkEK15w9,ROBOT-w74WIUgp,Fri Jan 30 2026 04:27:39 GMT+0800 (中国标准时间),"[object Object],[object Object],[object Object],[object Object],[object Object],[object Object],[object Object],[object Object],[object Object],[object Object]",/images/thermal-75.jpg
76,IMG-yFvReYS4,ROBOT-wg3wHRZU,Sun Oct 19 2025 17:57:43 GMT+0800 (中国标准时间),"[object Object],[object Object],[object Object],[object Object],[object Object],[object Object],[object Object],[object Object],[object Object],[object Object]",/images/thermal-76.jpg
77,IMG-lIMsWq6g,ROBOT-DHtWaL0F,Tue Dec 30 2025 23:52:08 GMT+0800 (中国标准时间),"[object Object],[object Object],[object Object],[object Object],[object Object],[object Object],[object Object],[object Object],[object Object],[object Object]",/images/thermal-77.jpg
78,IMG-X83iUqJJ,ROBOT-KOEJ94UK,Sat Jun 21 2025 18:04:25 GMT+0800 (中国标准时间),"[object Object],[object Object],[object Object],[object Object],[object Object],[object Object],[object Object],[object Object],[object Object],[object Object]",/images/thermal-78.jpg
79,IMG-hv59CPFA,ROBOT-lXX3GRE9,Tue Dec 16 2025 11:33:14 GMT+0800 (中国标准时间),"[object Object],[object Object],[object Object],[object Object],[object Object],[object Object],[object Object],[object Object],[object Object],[object Object]",/images/thermal-79.jpg
80,IMG-ZySFmRgG,ROBOT-hPU4gpka,Thu Oct 23 2025 12:07:59 GMT+0800 (中国标准时间),"[object Object],[object Object],[object Object],[object Object],[object Object],[object Object],[object Object],[object Object],[object Object],[object Object]",/images/thermal-80.jpg
81,IMG-NjkqSKm2,ROBOT-ongQRrwG,Wed Jul 16 2025 17:51:38 GMT+0800 (中国标准时间),"[object Object],[object Object],[object Object],[object Object],[object Object],[object Object],[object Object],[object Object],[object Object],[object Object]",/images/thermal-81.jpg
82,IMG-YdJfqdlp,ROBOT-FmXu4SDE,Fri Mar 28 2025 07:25:20 GMT+0800 (中国标准时间),"[object Object],[object Object],[object Object],[object Object],[object Object],[object Object],[object Object],[object Object],[object Object],[object Object]",/images/thermal-82.jpg
83,IMG-LhxqH3Ux,ROBOT-XaQoLhK0,Thu Dec 18 2025 20:33:29 GMT+0800 (中国标准时间),"[object Object],[object Object],[object Object],[object Object],[object Object],[object Object],[object Object],[object Object],[object Object],[object Object]",/images/thermal-83.jpg
84,IMG-BpvZmb0V,ROBOT-Qw0atLgr,Mon Feb 23 2026 23:56:54 GMT+0800 (中国标准时间),"[object Object],[object Object],[object Object],[object Object],[object Object],[object Object],[object Object],[object Object],[object Object],[object Object]",/images/thermal-84.jpg
85,IMG-AVuHnmWW,ROBOT-1Fkd0Kny,Sat Aug 23 2025 23:57:05 GMT+0800 (中国标准时间),"[object Object],[object Object],[object Object],[object Object],[object Object],[object Object],[object Object],[object Object],[object Object],[object Object]",/images/thermal-85.jpg
86,IMG-TJRNEuyA,ROBOT-XvOB4foN,Mon May 19 2025 02:41:36 GMT+0800 (中国标准时间),"[object Object],[object Object],[object Object],[object Object],[object Object],[object Object],[object Object],[object Object],[object Object],[object Object]",/images/thermal-86.jpg
87,IMG-kfCwPUiw,ROBOT-hceNkjZS,Fri Jan 02 2026 12:40:26 GMT+0800 (中国标准时间),"[object Object],[object Object],[object Object],[object Object],[object Object],[object Object],[object Object],[object Object],[object Object],[object Object]",/images/thermal-87.jpg
88,IMG-Eo5k4pMi,ROBOT-ongQRrwG,Mon Mar 10 2025 04:27:28 GMT+0800 (中国标准时间),"[object Object],[object Object],[object Object],[object Object],[object Object],[object Object],[object Object],[object Object],[object Object],[object Object]",/images/thermal-88.jpg
89,IMG-XvisLWaI,ROBOT-WhY7mkVL,Mon Sep 29 2025 06:21:01 GMT+0800 (中国标准时间),"[object Object],[object Object],[object Object],[object Object],[object Object],[object Object],[object Object],[object Object],[object Object],[object Object]",/images/thermal-89.jpg
90,IMG-OasF7RrC,ROBOT-OusILxGx,Fri May 02 2025 10:24:31 GMT+0800 (中国标准时间),"[object Object],[object Object],[object Object],[object Object],[object Object],[object Object],[object Object],[object Object],[object Object],[object Object]",/images/thermal-90.jpg
91,IMG-cNOJVbSS,ROBOT-tuBwTKPJ,Tue Oct 21 2025 02:02:48 GMT+0800 (中国标准时间),"[object Object],[object Object],[object Object],[object Object],[object Object],[object Object],[object Object],[object Object],[object Object],[object Object]",/images/thermal-91.jpg
92,IMG-TkyWsO7F,ROBOT-8zsVgetk,Sun Jul 27 2025 15:20:52 GMT+0800 (中国标准时间),"[object Object],[object Object],[object Object],[object Object],[object Object],[object Object],[object Object],[object Object],[object Object],[object Object]",/images/thermal-92.jpg
93,IMG-ySNtBk38,ROBOT-x8fmbe36,Mon Jun 30 2025 06:35:45 GMT+0800 (中国标准时间),"[object Object],[object Object],[object Object],[object Object],[object Object],[object Object],[object Object],[object Object],[object Object],[object Object]",/images/thermal-93.jpg
94,IMG-4WtSNtVO,ROBOT-mj1AGqou,Wed Mar 12 2025 23:55:55 GMT+0800 (中国标准时间),"[object Object],[object Object],[object Object],[object Object],[object Object],[object Object],[object Object],[object Object],[object Object],[object Object]",/images/thermal-94.jpg
95,IMG-kKJsyBM5,ROBOT-CaI3ZJi4,Thu Nov 06 2025 02:57:42 GMT+0800 (中国标准时间),"[object Object],[object Object],[object Object],[object Object],[object Object],[object Object],[object Object],[object Object],[object Object],[object Object]",/images/thermal-95.jpg
96,IMG-0t4zbOMU,ROBOT-WhY7mkVL,Thu Sep 18 2025 23:45:08 GMT+0800 (中国标准时间),"[object Object],[object Object],[object Object],[object Object],[object Object],[object Object],[object Object],[object Object],[object Object],[object Object]",/images/thermal-96.jpg
97,IMG-vNbdAiv8,ROBOT-xulA43pJ,Fri Dec 19 2025 07:34:53 GMT+0800 (中国标准时间),"[object Object],[object Object],[object Object],[object Object],[object Object],[object Object],[object Object],[object Object],[object Object],[object Object]",/images/thermal-97.jpg
98,IMG-2Y7YGyRX,ROBOT-cRvERN7F,Sun May 25 2025 04:14:45 GMT+0800 (中国标准时间),"[object Object],[object Object],[object Object],[object Object],[object Object],[object Object],[object Object],[object Object],[object Object],[object Object]",/images/thermal-98.jpg
99,IMG-nCAyWzCg,ROBOT-gxwdLuZb,Thu Dec 04 2025 15:31:37 GMT+0800 (中国标准时间),"[object Object],[object Object],[object Object],[object Object],[object Object],[object Object],[object Object],[object Object],[object Object],[object Object]",/images/thermal-99.jpg
100,IMG-waNK1yJ3,ROBOT-g52OmNfR,Wed Feb 11 2026 16:51:25 GMT+0800 (中国标准时间),"[object Object],[object Object],[object Object],[object Object],[object Object],[object Object],[object Object],[object Object],[object Object],[object Object]",/images/thermal-100.jpg
101,IMG-56EPCxHS,ROBOT-MCxyjToE,Sat Mar 22 2025 15:37:08 GMT+0800 (中国标准时间),"[object Object],[object Object],[object Object],[object Object],[object Object],[object Object],[object Object],[object Object],[object Object],[object Object]",/images/thermal-101.jpg
102,IMG-11ixoUKR,ROBOT-xQ0FDr8X,Sat Apr 19 2025 01:46:34 GMT+0800 (中国标准时间),"[object Object],[object Object],[object Object],[object Object],[object Object],[object Object],[object Object],[object Object],[object Object],[object Object]",/images/thermal-102.jpg
103,IMG-BmWa4PNG,ROBOT-TVLoDTiM,Thu Jan 22 2026 08:37:09 GMT+0800 (中国标准时间),"[object Object],[object Object],[object Object],[object Object],[object Object],[object Object],[object Object],[object Object],[object Object],[object Object]",/images/thermal-103.jpg
104,IMG-cb9WkJWn,ROBOT-ed4Qt0Ag,Sat Nov 22 2025 19:42:22 GMT+0800 (中国标准时间),"[object Object],[object Object],[object Object],[object Object],[object Object],[object Object],[object Object],[object Object],[object Object],[object Object]",/images/thermal-104.jpg
105,IMG-PURU3YKO,ROBOT-Ty4lqPTJ,Sun Nov 09 2025 15:36:54 GMT+0800 (中国标准时间),"[object Object],[object Object],[object Object],[object Object],[object Object],[object Object],[object Object],[object Object],[object Object],[object Object]",/images/thermal-105.jpg
106,IMG-viXL9QqP,ROBOT-DJcojjEB,Sat Apr 05 2025 18:52:20 GMT+0800 (中国标准时间),"[object Object],[object Object],[object Object],[object Object],[object Object],[object Object],[object Object],[object Object],[object Object],[object Object]",/images/thermal-106.jpg
107,IMG-GGIAA9pR,ROBOT-OusILxGx,Mon Oct 13 2025 07:29:16 GMT+0800 (中国标准时间),"[object Object],[object Object],[object Object],[object Object],[object Object],[object Object],[object Object],[object Object],[object Object],[object Object]",/images/thermal-107.jpg
108,IMG-gOPHuPNP,ROBOT-1kuFH702,Thu Feb 05 2026 21:43:40 GMT+0800 (中国标准时间),"[object Object],[object Object],[object Object],[object Object],[object Object],[object Object],[object Object],[object Object],[object Object],[object Object]",/images/thermal-108.jpg
109,IMG-VTkeFE43,ROBOT-cRvERN7F,Mon Nov 17 2025 10:03:11 GMT+0800 (中国标准时间),"[object Object],[object Object],[object Object],[object Object],[object Object],[object Object],[object Object],[object Object],[object Object],[object Object]",/images/thermal-109.jpg
110,IMG-BodPvNoJ,ROBOT-dO3BCg1G,Wed Mar 12 2025 12:34:01 GMT+0800 (中国标准时间),"[object Object],[object Object],[object Object],[object Object],[object Object],[object Object],[object Object],[object Object],[object Object],[object Object]",/images/thermal-110.jpg
111,IMG-LPN0wPqW,ROBOT-Zf8Woqq9,Sun Aug 24 2025 00:26:45 GMT+0800 (中国标准时间),"[object Object],[object Object],[object Object],[object Object],[object Object],[object Object],[object Object],[object Object],[object Object],[object Object]",/images/thermal-111.jpg
112,IMG-0MIfnJyf,ROBOT-1onof1Nx,Sat Jul 12 2025 18:02:46 GMT+0800 (中国标准时间),"[object Object],[object Object],[object Object],[object Object],[object Object],[object Object],[object Object],[object Object],[object Object],[object Object]",/images/thermal-112.jpg
113,IMG-lDfk1a4E,ROBOT-S6MWdQd0,Wed Mar 04 2026 08:46:52 GMT+0800 (中国标准时间),"[object Object],[object Object],[object Object],[object Object],[object Object],[object Object],[object Object],[object Object],[object Object],[object Object]",/images/thermal-113.jpg
114,IMG-27rgXH4m,ROBOT-spKwuRWn,Thu Jun 05 2025 09:40:03 GMT+0800 (中国标准时间),"[object Object],[object Object],[object Object],[object Object],[object Object],[object Object],[object Object],[object Object],[object Object],[object Object]",/images/thermal-114.jpg
115,IMG-MDXKUKRC,ROBOT-lXX3GRE9,Tue Jan 13 2026 10:48:12 GMT+0800 (中国标准时间),"[object Object],[object Object],[object Object],[object Object],[object Object],[object Object],[object Object],[object Object],[object Object],[object Object]",/images/thermal-115.jpg
116,IMG-ekmh4May,ROBOT-rQpUsAe4,Sun Aug 17 2025 21:54:05 GMT+0800 (中国标准时间),"[object Object],[object Object],[object Object],[object Object],[object Object],[object Object],[object Object],[object Object],[object Object],[object Object]",/images/thermal-116.jpg
117,IMG-dTV5dbT2,ROBOT-7LmmNAIR,Fri Jul 11 2025 20:37:36 GMT+0800 (中国标准时间),"[object Object],[object Object],[object Object],[object Object],[object Object],[object Object],[object Object],[object Object],[object Object],[object Object]",/images/thermal-117.jpg
118,IMG-wmfTlPuz,ROBOT-c7Z0MqRV,Thu Jan 15 2026 11:51:13 GMT+0800 (中国标准时间),"[object Object],[object Object],[object Object],[object Object],[object Object],[object Object],[object Object],[object Object],[object Object],[object Object]",/images/thermal-118.jpg
119,IMG-o0FWP9lp,ROBOT-SGzclK5Z,Thu Aug 14 2025 05:35:55 GMT+0800 (中国标准时间),"[object Object],[object Object],[object Object],[object Object],[object Object],[object Object],[object Object],[object Object],[object Object],[object Object]",/images/thermal-119.jpg
120,IMG-4l4cU2xu,ROBOT-aUNSfHM9,Mon Sep 15 2025 14:56:40 GMT+0800 (中国标准时间),"[object Object],[object Object],[object Object],[object Object],[object Object],[object Object],[object Object],[object Object],[object Object],[object Object]",/images/thermal-120.jpg
121,IMG-Xmbyp2HC,ROBOT-p7PnfFhW,Fri Aug 15 2025 02:53:09 GMT+0800 (中国标准时间),"[object Object],[object Object],[object Object],[object Object],[object Object],[object Object],[object Object],[object Object],[object Object],[object Object]",/images/thermal-121.jpg
122,IMG-KlV4lUMF,ROBOT-UIQNMjkw,Sun Feb 08 2026 10:48:46 GMT+0800 (中国标准时间),"[object Object],[object Object],[object Object],[object Object],[object Object],[object Object],[object Object],[object Object],[object Object],[object Object]",/images/thermal-122.jpg
123,IMG-IzCuaMli,ROBOT-pR0ImD6g,Tue Dec 09 2025 11:14:26 GMT+0800 (中国标准时间),"[object Object],[object Object],[object Object],[object Object],[object Object],[object Object],[object Object],[object Object],[object Object],[object Object]",/images/thermal-123.jpg
124,IMG-JrvJP3A1,ROBOT-z51LJBON,Thu Jul 31 2025 09:12:27 GMT+0800 (中国标准时间),"[object Object],[object Object],[object Object],[object Object],[object Object],[object Object],[object Object],[object Object],[object Object],[object Object]",/images/thermal-124.jpg
125,IMG-jUIMtfIc,ROBOT-3PeH9Vei,Thu Aug 14 2025 18:34:10 GMT+0800 (中国标准时间),"[object Object],[object Object],[object Object],[object Object],[object Object],[object Object],[object Object],[object Object],[object Object],[object Object]",/images/thermal-125.jpg
126,IMG-f7VvRmj7,ROBOT-Sj3lslag,Sun Feb 22 2026 06:22:06 GMT+0800 (中国标准时间),"[object Object],[object Object],[object Object],[object Object],[object Object],[object Object],[object Object],[object Object],[object Object],[object Object]",/images/thermal-126.jpg
127,IMG-PGZgu6KK,ROBOT-aUNSfHM9,Tue May 06 2025 07:15:24 GMT+0800 (中国标准时间),"[object Object],[object Object],[object Object],[object Object],[object Object],[object Object],[object Object],[object Object],[object Object],[object Object]",/images/thermal-127.jpg
128,IMG-KzTTEwXj,ROBOT-QX4oEmRY,Tue Dec 16 2025 06:55:34 GMT+0800 (中国标准时间),"[object Object],[object Object],[object Object],[object Object],[object Object],[object Object],[object Object],[object Object],[object Object],[object Object]",/images/thermal-128.jpg
129,IMG-a9dkmIKc,ROBOT-e0kiG5So,Mon May 12 2025 15:54:57 GMT+0800 (中国标准时间),"[object Object],[object Object],[object Object],[object Object],[object Object],[object Object],[object Object],[object Object],[object Object],[object Object]",/images/thermal-129.jpg
130,IMG-Ji6AFyGv,ROBOT-ys57KRfu,Wed Apr 09 2025 23:37:22 GMT+0800 (中国标准时间),"[object Object],[object Object],[object Object],[object Object],[object Object],[object Object],[object Object],[object Object],[object Object],[object Object]",/images/thermal-130.jpg
131,IMG-MWAn6C02,ROBOT-MNyGeASc,Sat Nov 29 2025 04:51:50 GMT+0800 (中国标准时间),"[object Object],[object Object],[object Object],[object Object],[object Object],[object Object],[object Object],[object Object],[object Object],[object Object]",/images/thermal-131.jpg
132,IMG-LIPAR3GX,ROBOT-bkWPPk8B,Mon Sep 22 2025 23:58:24 GMT+0800 (中国标准时间),"[object Object],[object Object],[object Object],[object Object],[object Object],[object Object],[object Object],[object Object],[object Object],[object Object]",/images/thermal-132.jpg
133,IMG-NMdInh7C,ROBOT-PY4eYfnr,Tue Dec 30 2025 10:19:41 GMT+0800 (中国标准时间),"[object Object],[object Object],[object Object],[object Object],[object Object],[object Object],[object Object],[object Object],[object Object],[object Object]",/images/thermal-133.jpg
134,IMG-mx2qaf0t,ROBOT-ciOqPHbe,Tue Dec 16 2025 23:00:30 GMT+0800 (中国标准时间),"[object Object],[object Object],[object Object],[object Object],[object Object],[object Object],[object Object],[object Object],[object Object],[object Object]",/images/thermal-134.jpg
135,IMG-FVVy4g8T,ROBOT-MCxyjToE,Thu May 01 2025 20:16:07 GMT+0800 (中国标准时间),"[object Object],[object Object],[object Object],[object Object],[object Object],[object Object],[object Object],[object Object],[object Object],[object Object]",/images/thermal-135.jpg
136,IMG-OuxmRcUB,ROBOT-CaI3ZJi4,Thu Dec 25 2025 23:33:20 GMT+0800 (中国标准时间),"[object Object],[object Object],[object Object],[object Object],[object Object],[object Object],[object Object],[object Object],[object Object],[object Object]",/images/thermal-136.jpg
137,IMG-08CzXthL,ROBOT-ciOqPHbe,Sat May 03 2025 06:23:00 GMT+0800 (中国标准时间),"[object Object],[object Object],[object Object],[object Object],[object Object],[object Object],[object Object],[object Object],[object Object],[object Object]",/images/thermal-137.jpg
138,IMG-40qtrrWH,ROBOT-spKwuRWn,Sat Nov 15 2025 14:36:12 GMT+0800 (中国标准时间),"[object Object],[object Object],[object Object],[object Object],[object Object],[object Object],[object Object],[object Object],[object Object],[object Object]",/images/thermal-138.jpg
139,IMG-e6hHpffz,ROBOT-LA7puksW,Sat Mar 15 2025 09:02:27 GMT+0800 (中国标准时间),"[object Object],[object Object],[object Object],[object Object],[object Object],[object Object],[object Object],[object Object],[object Object],[object Object]",/images/thermal-139.jpg
140,IMG-jXzmVcqz,ROBOT-1yyRD2vb,Wed Jul 23 2025 01:51:22 GMT+0800 (中国标准时间),"[object Object],[object Object],[object Object],[object Object],[object Object],[object Object],[object Object],[object Object],[object Object],[object Object]",/images/thermal-140.jpg
141,IMG-6yozmGEU,ROBOT-H4z8QwFR,Mon Jun 09 2025 02:08:10 GMT+0800 (中国标准时间),"[object Object],[object Object],[object Object],[object Object],[object Object],[object Object],[object Object],[object Object],[object Object],[object Object]",/images/thermal-141.jpg
142,IMG-vNWK9oE1,ROBOT-3H0FOFaI,Tue Jul 15 2025 08:19:46 GMT+0800 (中国标准时间),"[object Object],[object Object],[object Object],[object Object],[object Object],[object Object],[object Object],[object Object],[object Object],[object Object]",/images/thermal-142.jpg
143,IMG-R1GMDtMH,ROBOT-I5CP6OiN,Fri Apr 11 2025 14:26:00 GMT+0800 (中国标准时间),"[object Object],[object Object],[object Object],[object Object],[object Object],[object Object],[object Object],[object Object],[object Object],[object Object]",/images/thermal-143.jpg
144,IMG-uCYz8Xmb,ROBOT-c7Z0MqRV,Fri Jun 20 2025 05:17:28 GMT+0800 (中国标准时间),"[object Object],[object Object],[object Object],[object Object],[object Object],[object Object],[object Object],[object Object],[object Object],[object Object]",/images/thermal-144.jpg
145,IMG-wm0tUgnN,ROBOT-xQ0FDr8X,Sat Oct 11 2025 06:52:06 GMT+0800 (中国标准时间),"[object Object],[object Object],[object Object],[object Object],[object Object],[object Object],[object Object],[object Object],[object Object],[object Object]",/images/thermal-145.jpg
146,IMG-jxwGNUrn,ROBOT-44yirdT2,Sun Feb 01 2026 22:10:01 GMT+0800 (中国标准时间),"[object Object],[object Object],[object Object],[object Object],[object Object],[object Object],[object Object],[object Object],[object Object],[object Object]",/images/thermal-146.jpg
147,IMG-YQhv3NVq,ROBOT-3Qlx7w4H,Sun Sep 14 2025 15:31:27 GMT+0800 (中国标准时间),"[object Object],[object Object],[object Object],[object Object],[object Object],[object Object],[object Object],[object Object],[object Object],[object Object]",/images/thermal-147.jpg
148,IMG-g6EKktB0,ROBOT-Ty663P88,Thu Jan 01 2026 17:59:25 GMT+0800 (中国标准时间),"[object Object],[object Object],[object Object],[object Object],[object Object],[object Object],[object Object],[object Object],[object Object],[object Object]",/images/thermal-148.jpg
149,IMG-vi4eIkOG,ROBOT-1yyRD2vb,Fri Apr 11 2025 11:31:55 GMT+0800 (中国标准时间),"[object Object],[object Object],[object Object],[object Object],[object Object],[object Object],[object Object],[object Object],[object Object],[object Object]",/images/thermal-149.jpg
150,IMG-kBvQkhBG,ROBOT-tuBwTKPJ,Tue Sep 16 2025 11:20:05 GMT+0800 (中国标准时间),"[object Object],[object Object],[object Object],[object Object],[object Object],[object Object],[object Object],[object Object],[object Object],[object Object]",/images/thermal-150.jpg
151,IMG-1q48NM7b,ROBOT-UIQNMjkw,Tue Jul 22 2025 01:27:21 GMT+0800 (中国标准时间),"[object Object],[object Object],[object Object],[object Object],[object Object],[object Object],[object Object],[object Object],[object Object],[object Object]",/images/thermal-151.jpg
152,IMG-EvTR5gIf,ROBOT-H4z8QwFR,Tue Jul 15 2025 16:41:09 GMT+0800 (中国标准时间),"[object Object],[object Object],[object Object],[object Object],[object Object],[object Object],[object Object],[object Object],[object Object],[object Object]",/images/thermal-152.jpg
153,IMG-psZybaWs,ROBOT-Kid21t1Z,Mon Oct 20 2025 03:19:56 GMT+0800 (中国标准时间),"[object Object],[object Object],[object Object],[object Object],[object Object],[object Object],[object Object],[object Object],[object Object],[object Object]",/images/thermal-153.jpg
154,IMG-xnrCaY3I,ROBOT-hK4zElcH,Wed Aug 27 2025 09:15:41 GMT+0800 (中国标准时间),"[object Object],[object Object],[object Object],[object Object],[object Object],[object Object],[object Object],[object Object],[object Object],[object Object]",/images/thermal-154.jpg
155,IMG-STklhgfr,ROBOT-xulA43pJ,Sun Jul 06 2025 18:15:45 GMT+0800 (中国标准时间),"[object Object],[object Object],[object Object],[object Object],[object Object],[object Object],[object Object],[object Object],[object Object],[object Object]",/images/thermal-155.jpg
156,IMG-lLnE14RB,ROBOT-pR0ImD6g,Thu Apr 24 2025 19:15:28 GMT+0800 (中国标准时间),"[object Object],[object Object],[object Object],[object Object],[object Object],[object Object],[object Object],[object Object],[object Object],[object Object]",/images/thermal-156.jpg
157,IMG-ANK0d2WR,ROBOT-XcxFp4mB,Mon Dec 01 2025 09:30:10 GMT+0800 (中国标准时间),"[object Object],[object Object],[object Object],[object Object],[object Object],[object Object],[object Object],[object Object],[object Object],[object Object]",/images/thermal-157.jpg
158,IMG-dSjlSSod,ROBOT-xMENkPHr,Mon Nov 03 2025 08:24:44 GMT+0800 (中国标准时间),"[object Object],[object Object],[object Object],[object Object],[object Object],[object Object],[object Object],[object Object],[object Object],[object Object]",/images/thermal-158.jpg
159,IMG-gmUWNNvS,ROBOT-JuyQhTx5,Fri May 02 2025 12:56:44 GMT+0800 (中国标准时间),"[object Object],[object Object],[object Object],[object Object],[object Object],[object Object],[object Object],[object Object],[object Object],[object Object]",/images/thermal-159.jpg
160,IMG-Mt6NtOkM,ROBOT-KOEJ94UK,Sun May 25 2025 18:24:20 GMT+0800 (中国标准时间),"[object Object],[object Object],[object Object],[object Object],[object Object],[object Object],[object Object],[object Object],[object Object],[object Object]",/images/thermal-160.jpg
161,IMG-tpnOULQM,ROBOT-GZEIlGVI,Sun Nov 02 2025 02:03:52 GMT+0800 (中国标准时间),"[object Object],[object Object],[object Object],[object Object],[object Object],[object Object],[object Object],[object Object],[object Object],[object Object]",/images/thermal-161.jpg
162,IMG-LWcuSM5c,ROBOT-1g0IqXXE,Thu Mar 27 2025 04:13:19 GMT+0800 (中国标准时间),"[object Object],[object Object],[object Object],[object Object],[object Object],[object Object],[object Object],[object Object],[object Object],[object Object]",/images/thermal-162.jpg
163,IMG-7ZkNhFOO,ROBOT-Xou8XrNO,Wed Aug 06 2025 03:32:19 GMT+0800 (中国标准时间),"[object Object],[object Object],[object Object],[object Object],[object Object],[object Object],[object Object],[object Object],[object Object],[object Object]",/images/thermal-163.jpg
164,IMG-4lnInVQA,ROBOT-eaaRBHgv,Fri May 02 2025 12:11:17 GMT+0800 (中国标准时间),"[object Object],[object Object],[object Object],[object Object],[object Object],[object Object],[object Object],[object Object],[object Object],[object Object]",/images/thermal-164.jpg
165,IMG-vbtYl8wd,ROBOT-t6v1aRLZ,Fri Jun 27 2025 10:15:45 GMT+0800 (中国标准时间),"[object Object],[object Object],[object Object],[object Object],[object Object],[object Object],[object Object],[object Object],[object Object],[object Object]",/images/thermal-165.jpg
166,IMG-vNwyxgfH,ROBOT-CCjSk02r,Sun Sep 21 2025 22:07:28 GMT+0800 (中国标准时间),"[object Object],[object Object],[object Object],[object Object],[object Object],[object Object],[object Object],[object Object],[object Object],[object Object]",/images/thermal-166.jpg
167,IMG-twk0Aisz,ROBOT-8Qst6Em7,Mon Feb 09 2026 07:21:21 GMT+0800 (中国标准时间),"[object Object],[object Object],[object Object],[object Object],[object Object],[object Object],[object Object],[object Object],[object Object],[object Object]",/images/thermal-167.jpg
168,IMG-TRwDeKhI,ROBOT-vS7OGxVq,Sat Nov 01 2025 11:39:56 GMT+0800 (中国标准时间),"[object Object],[object Object],[object Object],[object Object],[object Object],[object Object],[object Object],[object Object],[object Object],[object Object]",/images/thermal-168.jpg
169,IMG-Wq1Stvop,ROBOT-vPfz4EmF,Mon Mar 02 2026 13:06:21 GMT+0800 (中国标准时间),"[object Object],[object Object],[object Object],[object Object],[object Object],[object Object],[object Object],[object Object],[object Object],[object Object]",/images/thermal-169.jpg
170,IMG-OHgY3eCL,ROBOT-iXEuVhLt,Fri Aug 29 2025 12:45:53 GMT+0800 (中国标准时间),"[object Object],[object Object],[object Object],[object Object],[object Object],[object Object],[object Object],[object Object],[object Object],[object Object]",/images/thermal-170.jpg
171,IMG-wAaMAF0P,ROBOT-OwtiMZsI,Tue Apr 08 2025 05:41:40 GMT+0800 (中国标准时间),"[object Object],[object Object],[object Object],[object Object],[object Object],[object Object],[object Object],[object Object],[object Object],[object Object]",/images/thermal-171.jpg
172,IMG-Dw4HKy4z,ROBOT-1Kfj5mXr,Wed Jun 11 2025 15:19:17 GMT+0800 (中国标准时间),"[object Object],[object Object],[object Object],[object Object],[object Object],[object Object],[object Object],[object Object],[object Object],[object Object]",/images/thermal-172.jpg
173,IMG-CXpRfx2t,ROBOT-4idoAxGk,Sun Sep 21 2025 10:00:59 GMT+0800 (中国标准时间),"[object Object],[object Object],[object Object],[object Object],[object Object],[object Object],[object Object],[object Object],[object Object],[object Object]",/images/thermal-173.jpg
174,IMG-7KoWZ8Lf,ROBOT-z51LJBON,Sun Jun 08 2025 01:56:21 GMT+0800 (中国标准时间),"[object Object],[object Object],[object Object],[object Object],[object Object],[object Object],[object Object],[object Object],[object Object],[object Object]",/images/thermal-174.jpg
175,IMG-vVMdTNZH,ROBOT-Kid21t1Z,Thu Oct 30 2025 20:12:19 GMT+0800 (中国标准时间),"[object Object],[object Object],[object Object],[object Object],[object Object],[object Object],[object Object],[object Object],[object Object],[object Object]",/images/thermal-175.jpg
176,IMG-igB2XUn5,ROBOT-p7PnfFhW,Sun May 11 2025 15:23:48 GMT+0800 (中国标准时间),"[object Object],[object Object],[object Object],[object Object],[object Object],[object Object],[object Object],[object Object],[object Object],[object Object]",/images/thermal-176.jpg
177,IMG-98kDYA43,ROBOT-QX4oEmRY,Wed Feb 18 2026 17:32:12 GMT+0800 (中国标准时间),"[object Object],[object Object],[object Object],[object Object],[object Object],[object Object],[object Object],[object Object],[object Object],[object Object]",/images/thermal-177.jpg
178,IMG-FR41ug48,ROBOT-BwX07PJH,Sat Mar 29 2025 15:21:11 GMT+0800 (中国标准时间),"[object Object],[object Object],[object Object],[object Object],[object Object],[object Object],[object Object],[object Object],[object Object],[object Object]",/images/thermal-178.jpg
179,IMG-svHBO41y,ROBOT-ciOqPHbe,Sat Dec 13 2025 19:11:05 GMT+0800 (中国标准时间),"[object Object],[object Object],[object Object],[object Object],[object Object],[object Object],[object Object],[object Object],[object Object],[object Object]",/images/thermal-179.jpg
180,IMG-7syV9B9B,ROBOT-VmhxjW0K,Mon May 19 2025 14:36:31 GMT+0800 (中国标准时间),"[object Object],[object Object],[object Object],[object Object],[object Object],[object Object],[object Object],[object Object],[object Object],[object Object]",/images/thermal-180.jpg
181,IMG-OJMHsxBV,ROBOT-Bh9I7Z0b,Tue Sep 30 2025 11:02:21 GMT+0800 (中国标准时间),"[object Object],[object Object],[object Object],[object Object],[object Object],[object Object],[object Object],[object Object],[object Object],[object Object]",/images/thermal-181.jpg
182,IMG-pTxIGMbL,ROBOT-vPfz4EmF,Wed Feb 18 2026 18:29:30 GMT+0800 (中国标准时间),"[object Object],[object Object],[object Object],[object Object],[object Object],[object Object],[object Object],[object Object],[object Object],[object Object]",/images/thermal-182.jpg
183,IMG-GeDJi43d,ROBOT-DKX4XG9C,Fri Jun 20 2025 22:38:32 GMT+0800 (中国标准时间),"[object Object],[object Object],[object Object],[object Object],[object Object],[object Object],[object Object],[object Object],[object Object],[object Object]",/images/thermal-183.jpg
184,IMG-0UT2V5vG,ROBOT-XaQoLhK0,Tue Jan 13 2026 11:35:22 GMT+0800 (中国标准时间),"[object Object],[object Object],[object Object],[object Object],[object Object],[object Object],[object Object],[object Object],[object Object],[object Object]",/images/thermal-184.jpg
185,IMG-52KtA8pw,ROBOT-krDm9qfO,Mon Sep 29 2025 04:21:07 GMT+0800 (中国标准时间),"[object Object],[object Object],[object Object],[object Object],[object Object],[object Object],[object Object],[object Object],[object Object],[object Object]",/images/thermal-185.jpg
186,IMG-b8u74Rbn,ROBOT-9A8RYqZn,Fri Dec 12 2025 21:59:24 GMT+0800 (中国标准时间),"[object Object],[object Object],[object Object],[object Object],[object Object],[object Object],[object Object],[object Object],[object Object],[object Object]",/images/thermal-186.jpg
187,IMG-b2vkQqDp,ROBOT-e0kiG5So,Tue Dec 02 2025 08:43:36 GMT+0800 (中国标准时间),"[object Object],[object Object],[object Object],[object Object],[object Object],[object Object],[object Object],[object Object],[object Object],[object Object]",/images/thermal-187.jpg
188,IMG-B16acoAl,ROBOT-duiCA4pQ,Sun Jun 08 2025 15:00:05 GMT+0800 (中国标准时间),"[object Object],[object Object],[object Object],[object Object],[object Object],[object Object],[object Object],[object Object],[object Object],[object Object]",/images/thermal-188.jpg
189,IMG-fnFHS8sg,ROBOT-UXkCYHa0,Wed Jun 25 2025 20:35:37 GMT+0800 (中国标准时间),"[object Object],[object Object],[object Object],[object Object],[object Object],[object Object],[object Object],[object Object],[object Object],[object Object]",/images/thermal-189.jpg
190,IMG-9SEFeQbG,ROBOT-KVRLui3p,Wed Sep 03 2025 21:52:18 GMT+0800 (中国标准时间),"[object Object],[object Object],[object Object],[object Object],[object Object],[object Object],[object Object],[object Object],[object Object],[object Object]",/images/thermal-190.jpg
191,IMG-zitDzVJx,ROBOT-9NxzD0za,Mon Aug 25 2025 10:38:44 GMT+0800 (中国标准时间),"[object Object],[object Object],[object Object],[object Object],[object Object],[object Object],[object Object],[object Object],[object Object],[object Object]",/images/thermal-191.jpg
192,IMG-nKtJggNo,ROBOT-Ee5QI2Tp,Thu Mar 13 2025 16:40:38 GMT+0800 (中国标准时间),"[object Object],[object Object],[object Object],[object Object],[object Object],[object Object],[object Object],[object Object],[object Object],[object Object]",/images/thermal-192.jpg
193,IMG-VEd8SdWr,ROBOT-A1OBkxdn,Tue May 13 2025 01:56:29 GMT+0800 (中国标准时间),"[object Object],[object Object],[object Object],[object Object],[object Object],[object Object],[object Object],[object Object],[object Object],[object Object]",/images/thermal-193.jpg
194,IMG-VYgRnFid,ROBOT-Zf8Woqq9,Mon Nov 17 2025 07:46:21 GMT+0800 (中国标准时间),"[object Object],[object Object],[object Object],[object Object],[object Object],[object Object],[object Object],[object Object],[object Object],[object Object]",/images/thermal-194.jpg
195,IMG-07cBfPDU,ROBOT-ys57KRfu,Tue May 06 2025 00:56:55 GMT+0800 (中国标准时间),"[object Object],[object Object],[object Object],[object Object],[object Object],[object Object],[object Object],[object Object],[object Object],[object Object]",/images/thermal-195.jpg
196,IMG-cNytYMwS,ROBOT-MFKpOjcf,Mon Apr 21 2025 18:25:57 GMT+0800 (中国标准时间),"[object Object],[object Object],[object Object],[object Object],[object Object],[object Object],[object Object],[object Object],[object Object],[object Object]",/images/thermal-196.jpg
197,IMG-bjz6MZEn,ROBOT-yJ6VpUsg,Fri Dec 26 2025 16:44:32 GMT+0800 (中国标准时间),"[object Object],[object Object],[object Object],[object Object],[object Object],[object Object],[object Object],[object Object],[object Object],[object Object]",/images/thermal-197.jpg
198,IMG-Mm9VxAwy,ROBOT-5NOLaLnW,Thu Oct 23 2025 12:28:01 GMT+0800 (中国标准时间),"[object Object],[object Object],[object Object],[object Object],[object Object],[object Object],[object Object],[object Object],[object Object],[object Object]",/images/thermal-198.jpg
199,IMG-ML4NJo1q,ROBOT-JYbf1l6A,Tue Mar 03 2026 08:22:56 GMT+0800 (中国标准时间),"[object Object],[object Object],[object Object],[object Object],[object Object],[object Object],[object Object],[object Object],[object Object],[object Object]",/images/thermal-199.jpg
200,IMG-boF7BBAl,ROBOT-hK4zElcH,Fri Jul 11 2025 03:01:14 GMT+0800 (中国标准时间),"[object Object],[object Object],[object Object],[object Object],[object Object],[object Object],[object Object],[object Object],[object Object],[object Object]",/images/thermal-200.jpg
