id,username,email,password,created_at,updated_at,status,deactivated_at,deactivation_reason
915,user1,user1@email.com,$2b$10$5AcKr/lpPwasGpan0fx4I.xH5Z1XDtSfxS1VRomaER77BMAqNTd5C,Sat Mar 07 2026 18:31:30 GMT+0800 (中国标准时间),Sat Mar 07 2026 18:31:30 GMT+0800 (中国标准时间),deleted,Mon Jan 05 2026 22:32:00 GMT+0800 (中国标准时间),Reason 1
916,user2,user2@email.com,$2b$10$DEjx401FNVcbpZUBeK.dCukyV62s5v.ihLsJUkEqnZdskS3iICAcS,Sat Mar 07 2026 18:31:30 GMT+0800 (中国标准时间),Sat Mar 07 2026 18:31:30 GMT+0800 (中国标准时间),deleted,Thu Jun 05 2025 12:39:50 GMT+0800 (中国标准时间),Reason 2
917,user3,user3@mail.com,$2b$10$EwYRedFdYHChQozKKaI2ie70kZ9hvrHpjzi/qL2dZw428MS4sz4mu,Sat Mar 07 2026 18:31:30 GMT+0800 (中国标准时间),Sat Mar 07 2026 18:31:30 GMT+0800 (中国标准时间),pending_deletion,Sun Mar 23 2025 07:27:55 GMT+0800 (中国标准时间),Reason 3
918,user4,user4@email.com,$2b$10$x0XEmNynLjFUkTRdP3.W6O.PiOzl9wJ6OGIChPYgiv06ztcpiX1EC,Sat Mar 07 2026 18:31:30 GMT+0800 (中国标准时间),Sat Mar 07 2026 18:31:30 GMT+0800 (中国标准时间),active,,
919,user5,user5@email.com,$2b$10$xPv65fgzlaJRZCsE6s8qpefPoknh1B860Nq0bsl6HiN12jhlJrJue,Sat Mar 07 2026 18:31:30 GMT+0800 (中国标准时间),Sat Mar 07 2026 18:31:30 GMT+0800 (中国标准时间),pending_deletion,Sat Aug 16 2025 01:53:46 GMT+0800 (中国标准时间),Reason 5
920,user6,user6@test.com,$2b$10$MeU29oHLDPemggh9rKSd7e3qM0075cn.6YzvRhbt.SyvFhJ8B6Vyi,Sat Mar 07 2026 18:31:30 GMT+0800 (中国标准时间),Sat Mar 07 2026 18:31:30 GMT+0800 (中国标准时间),deleted,Wed Apr 16 2025 10:45:28 GMT+0800 (中国标准时间),Reason 6
921,user7,user7@email.com,$2b$10$VaYvvO6Z3675OEkYqZec/.rvQz/16SSyIjN4F1J2regxLizKatHwW,Sat Mar 07 2026 18:31:30 GMT+0800 (中国标准时间),Sat Mar 07 2026 18:31:30 GMT+0800 (中国标准时间),deleted,Wed Feb 04 2026 11:25:42 GMT+0800 (中国标准时间),Reason 7
922,user8,user8@mail.com,$2b$10$Zn8OLp4ep1AI.JdFRbk/Ne69fZgwFry/jR04awTmVPF.RbfnPiGai,Sat Mar 07 2026 18:31:30 GMT+0800 (中国标准时间),Sat Mar 07 2026 18:31:30 GMT+0800 (中国标准时间),deleted,Mon May 05 2025 16:54:18 GMT+0800 (中国标准时间),Reason 8
923,user9,user9@example.com,$2b$10$7ao3VZNWfR4aeAd5C0hRYOOT4eWjYMwN6h1KEz37uwWpm/GXzEK7i,Sat Mar 07 2026 18:31:30 GMT+0800 (中国标准时间),Sat Mar 07 2026 18:31:30 GMT+0800 (中国标准时间),deleted,Wed Mar 12 2025 01:27:55 GMT+0800 (中国标准时间),Reason 9
924,user10,user10@mail.com,$2b$10$fy4gl0xtu6lKp8s/Z4EmZudaAP8/k5dphzvuiYQPdTHWTpce89KKG,Sat Mar 07 2026 18:31:30 GMT+0800 (中国标准时间),Sat Mar 07 2026 18:31:30 GMT+0800 (中国标准时间),active,,
925,user11,user11@test.com,$2b$10$kjTc6Cm0FDmvN6D93SObhOp7Tl4nCD5JiU7Ol2xy/ic/XNUwY3f92,Sat Mar 07 2026 18:31:30 GMT+0800 (中国标准时间),Sat Mar 07 2026 18:31:30 GMT+0800 (中国标准时间),deleted,Sun Mar 01 2026 02:34:54 GMT+0800 (中国标准时间),Reason 11
926,user12,user12@mail.com,$2b$10$1MQxl15BxAq797ZbfHtwVuks0jrhdbealAh7Bd118B4OdPGAp8P7q,Sat Mar 07 2026 18:31:30 GMT+0800 (中国标准时间),Sat Mar 07 2026 18:31:30 GMT+0800 (中国标准时间),active,,
927,user13,user13@test.com,$2b$10$xvQA7gNhcoKMOOnHbvpMy.BkynAHjDmisYbfpWS3RGoKG2TPKGG.W,Sat Mar 07 2026 18:31:30 GMT+0800 (中国标准时间),Sat Mar 07 2026 18:31:30 GMT+0800 (中国标准时间),active,,
928,user14,user14@test.com,$2b$10$qniPFI/2KzBYbTjVqADdcepNIJFaZwQ2tfycL7ZuHBVYwcbrOD7si,Sat Mar 07 2026 18:31:30 GMT+0800 (中国标准时间),Sat Mar 07 2026 18:31:30 GMT+0800 (中国标准时间),deleted,Wed May 07 2025 21:05:42 GMT+0800 (中国标准时间),Reason 14
929,user15,user15@email.com,$2b$10$7rghlRSSqpogOnbHCvf0LeIk6lM9N8I2w8VYSvbGeR9SmylMY2lBK,Sat Mar 07 2026 18:31:30 GMT+0800 (中国标准时间),Sat Mar 07 2026 18:31:30 GMT+0800 (中国标准时间),deleted,Sun Aug 24 2025 00:44:07 GMT+0800 (中国标准时间),Reason 15
930,user16,user16@mail.com,$2b$10$HxmB99uidAu1FBY2u83ooemotUOjgqpJvYtBJG/58D6XU1dWCnbwi,Sat Mar 07 2026 18:31:30 GMT+0800 (中国标准时间),Sat Mar 07 2026 18:31:30 GMT+0800 (中国标准时间),deleted,Sun Jan 18 2026 06:11:44 GMT+0800 (中国标准时间),Reason 16
931,user17,user17@example.com,$2b$10$2q40/8xmFfml86PSyR6vcOSQsz/N5.5r6BkCjmp3lPENuOS8jzWZO,Sat Mar 07 2026 18:31:30 GMT+0800 (中国标准时间),Sat Mar 07 2026 18:31:30 GMT+0800 (中国标准时间),deleted,Sat Mar 29 2025 19:57:43 GMT+0800 (中国标准时间),Reason 17
932,user18,user18@test.com,$2b$10$j.rjp66C5iXbUHVEvClLm.rO4TYjfHVuQutoXiq7ztm0VYfKcKlG6,Sat Mar 07 2026 18:31:30 GMT+0800 (中国标准时间),Sat Mar 07 2026 18:31:30 GMT+0800 (中国标准时间),active,,
933,user19,user19@example.com,$2b$10$kOIbsOdHDniUrB7vjyIA/OofywDUyy7Qt2m3QUm.nzl1HFhg8mhGy,Sat Mar 07 2026 18:31:30 GMT+0800 (中国标准时间),Sat Mar 07 2026 18:31:30 GMT+0800 (中国标准时间),pending_deletion,Wed May 14 2025 04:29:49 GMT+0800 (中国标准时间),Reason 19
934,user20,user20@test.com,$2b$10$.nFxvpsAP1tVe8hazd4PRuSJ37PxSx0TxZiEk0HwukIIPQFATDfkq,Sat Mar 07 2026 18:31:30 GMT+0800 (中国标准时间),Sat Mar 07 2026 18:31:30 GMT+0800 (中国标准时间),pending_deletion,Wed Sep 10 2025 15:58:58 GMT+0800 (中国标准时间),Reason 20
935,user21,user21@email.com,$2b$10$jX4xLpnSsTqx3hglcgNLLuDWlOyG35.y4stA81QEwpLFmErOQAQIS,Sat Mar 07 2026 18:31:30 GMT+0800 (中国标准时间),Sat Mar 07 2026 18:31:30 GMT+0800 (中国标准时间),pending_deletion,Wed Mar 04 2026 23:25:18 GMT+0800 (中国标准时间),Reason 21
936,user22,user22@mail.com,$2b$10$0IZhOCgrSyMgUWwKxQ2rcehPvTQ9Pkt/16gXbQTlGvf3Q1LhFaf26,Sat Mar 07 2026 18:31:30 GMT+0800 (中国标准时间),Sat Mar 07 2026 18:31:30 GMT+0800 (中国标准时间),deleted,Mon Aug 11 2025 01:07:34 GMT+0800 (中国标准时间),Reason 22
937,user23,user23@example.com,$2b$10$7GWBW063LpLTCFWYHdZDqOyU0bfuAMa5soIM/UllTmND8S5Wz.oD.,Sat Mar 07 2026 18:31:30 GMT+0800 (中国标准时间),Sat Mar 07 2026 18:31:30 GMT+0800 (中国标准时间),pending_deletion,Thu Mar 20 2025 16:50:58 GMT+0800 (中国标准时间),Reason 23
938,user24,user24@example.com,$2b$10$sN/D9HYLCSOfXUkD4NlJreeq4PZ8SRm64MX/MRoIQ/2R844QJ/iqe,Sat Mar 07 2026 18:31:30 GMT+0800 (中国标准时间),Sat Mar 07 2026 18:31:30 GMT+0800 (中国标准时间),deleted,Wed Oct 08 2025 02:10:59 GMT+0800 (中国标准时间),Reason 24
939,user25,user25@example.com,$2b$10$HR28FBeOYJKw1.KFkZ0SPOODgKrO/ZeRqVPNt.HEKt.lHd2Mv9fJy,Sat Mar 07 2026 18:31:30 GMT+0800 (中国标准时间),Sat Mar 07 2026 18:31:30 GMT+0800 (中国标准时间),pending_deletion,Wed Jan 21 2026 08:55:44 GMT+0800 (中国标准时间),Reason 25
940,user26,user26@test.com,$2b$10$bSQqdDJvixOwMcohS7/Aw.iPG.CoN2AuUt2QuXr3d3Ig2RVKWumcy,Sat Mar 07 2026 18:31:30 GMT+0800 (中国标准时间),Sat Mar 07 2026 18:31:30 GMT+0800 (中国标准时间),active,,
941,user27,user27@mail.com,$2b$10$A59yhHni8Iwr.FabkMcS1O/GDqEscuDzVUhhqUhnJwM8Lj0hbBzpW,Sat Mar 07 2026 18:31:30 GMT+0800 (中国标准时间),Sat Mar 07 2026 18:31:30 GMT+0800 (中国标准时间),pending_deletion,Tue Apr 15 2025 07:06:33 GMT+0800 (中国标准时间),Reason 27
942,user28,user28@test.com,$2b$10$Fb0k2XY.9jU7ptTustaecO2/AO3VB7wnbjTVpk8ncZyjV/NELnVC6,Sat Mar 07 2026 18:31:30 GMT+0800 (中国标准时间),Sat Mar 07 2026 18:31:30 GMT+0800 (中国标准时间),deleted,Sat Aug 16 2025 21:25:05 GMT+0800 (中国标准时间),Reason 28
943,user29,user29@example.com,$2b$10$Fp332rr9cRGKgAdrRSpuMevnAR2.K2pO3nWeNm2iHm5P.MNJSmWFG,Sat Mar 07 2026 18:31:30 GMT+0800 (中国标准时间),Sat Mar 07 2026 18:31:30 GMT+0800 (中国标准时间),active,,
944,user30,user30@example.com,$2b$10$RuEO97pnWAdAiPEL2wnJVONZ2AwXr6fz9dcho8U3uqIdtRw5HoWZ2,Sat Mar 07 2026 18:31:30 GMT+0800 (中国标准时间),Sat Mar 07 2026 18:31:30 GMT+0800 (中国标准时间),deleted,Wed Oct 29 2025 23:18:23 GMT+0800 (中国标准时间),Reason 30
945,user31,user31@mail.com,$2b$10$wfd63/R2Wsas48VKQQXBe.2kdB7/yevkCcUoNNjZDzIHwWdopibwC,Sat Mar 07 2026 18:31:30 GMT+0800 (中国标准时间),Sat Mar 07 2026 18:31:30 GMT+0800 (中国标准时间),active,,
946,user32,user32@email.com,$2b$10$HIk5Tyx0y/x8WxzmXYOjOu7WxTQQVi0rvd23MVd.bv/ZKtvtXCDPm,Sat Mar 07 2026 18:31:30 GMT+0800 (中国标准时间),Sat Mar 07 2026 18:31:30 GMT+0800 (中国标准时间),deleted,Fri Jun 27 2025 13:50:45 GMT+0800 (中国标准时间),Reason 32
947,user33,user33@mail.com,$2b$10$lOwq8WHTHeCYFWmqhO.TBel43v3NIIMvLi62i6WtIS3LtMQMfEKcu,Sat Mar 07 2026 18:31:30 GMT+0800 (中国标准时间),Sat Mar 07 2026 18:31:30 GMT+0800 (中国标准时间),pending_deletion,Thu May 01 2025 19:49:37 GMT+0800 (中国标准时间),Reason 33
948,user34,user34@example.com,$2b$10$SHF7mxwy9NbYndx1S96oZuWlJ35Lpgceit8mfzbWy9jl8Tgjl0gIu,Sat Mar 07 2026 18:31:30 GMT+0800 (中国标准时间),Sat Mar 07 2026 18:31:30 GMT+0800 (中国标准时间),pending_deletion,Sat Sep 13 2025 05:41:12 GMT+0800 (中国标准时间),Reason 34
949,user35,user35@email.com,$2b$10$ZqB/CQVttXfc5CEZVz5X6uUCCceVWSzOl3MGHeqgiWZfLODb8hlbu,Sat Mar 07 2026 18:31:30 GMT+0800 (中国标准时间),Sat Mar 07 2026 18:31:30 GMT+0800 (中国标准时间),active,,
950,user36,user36@example.com,$2b$10$gFyeYVO80CPhIcW7UC3Qv.tfdhTAuDju5xOjggQrh9p.AnpBw0yYC,Sat Mar 07 2026 18:31:30 GMT+0800 (中国标准时间),Sat Mar 07 2026 18:31:30 GMT+0800 (中国标准时间),active,,
951,user37,user37@email.com,$2b$10$rQruwTgkLqFqNTXrphFNUe9gIhP6XrJAgLdXxHY1hvoH2cHS3phcy,Sat Mar 07 2026 18:31:30 GMT+0800 (中国标准时间),Sat Mar 07 2026 18:31:30 GMT+0800 (中国标准时间),deleted,Thu Oct 30 2025 21:08:37 GMT+0800 (中国标准时间),Reason 37
952,user38,user38@test.com,$2b$10$91Hg8HQsR0DOt4qhW.IofuH8npOXVfIyasemnIsWobhjwxSZr/ci.,Sat Mar 07 2026 18:31:30 GMT+0800 (中国标准时间),Sat Mar 07 2026 18:31:30 GMT+0800 (中国标准时间),active,,
953,user39,user39@mail.com,$2b$10$iMldDPewJ508/eIAHe89yufqQMHMD4ME4x75MCZH953apkiMxZy/G,Sat Mar 07 2026 18:31:30 GMT+0800 (中国标准时间),Sat Mar 07 2026 18:31:30 GMT+0800 (中国标准时间),pending_deletion,Tue Nov 11 2025 01:02:10 GMT+0800 (中国标准时间),Reason 39
954,user40,user40@example.com,$2b$10$E.bcPGc5GHzuqRITN.Xp7eECBGQURrqBa4HGYvsmcylJfe.goB.zy,Sat Mar 07 2026 18:31:30 GMT+0800 (中国标准时间),Sat Mar 07 2026 18:31:30 GMT+0800 (中国标准时间),pending_deletion,Fri Jan 30 2026 23:27:44 GMT+0800 (中国标准时间),Reason 40
955,user41,user41@email.com,$2b$10$I3ym84sJVksu8pbTx8pJS.N0pEVKf1ckM7zTPNj7YUyiNEYJgfbQi,Sat Mar 07 2026 18:31:30 GMT+0800 (中国标准时间),Sat Mar 07 2026 18:31:30 GMT+0800 (中国标准时间),active,,
956,user42,user42@test.com,$2b$10$xw1ndFKLNZyNjWPdcbGmYOoEWU8ClkNeoisEembWBQMa7mFTuQUD6,Sat Mar 07 2026 18:31:30 GMT+0800 (中国标准时间),Sat Mar 07 2026 18:31:30 GMT+0800 (中国标准时间),active,,
957,user43,user43@example.com,$2b$10$W7bBhbDuS.BCAY9Z2I9OK.0MGHF.o/.GJo145dTMU30PUjIXPEj9e,Sat Mar 07 2026 18:31:30 GMT+0800 (中国标准时间),Sat Mar 07 2026 18:31:30 GMT+0800 (中国标准时间),pending_deletion,Sun Aug 10 2025 21:13:27 GMT+0800 (中国标准时间),Reason 43
958,user44,user44@email.com,$2b$10$mJju.f/Cf8qBQzxvYILOjuOrTTknn16Koz.FRP.tT05.B2oC9azIG,Sat Mar 07 2026 18:31:30 GMT+0800 (中国标准时间),Sat Mar 07 2026 18:31:30 GMT+0800 (中国标准时间),deleted,Fri Jan 16 2026 23:53:28 GMT+0800 (中国标准时间),Reason 44
959,user45,user45@email.com,$2b$10$DOVwpeAVKr8FMNiI0QUD.e5VFh6f3Zv4Yxzrejd9kCRQ55by42WK6,Sat Mar 07 2026 18:31:30 GMT+0800 (中国标准时间),Sat Mar 07 2026 18:31:30 GMT+0800 (中国标准时间),active,,
960,user46,user46@test.com,$2b$10$tgq/GyMbWTrEPe9oN.7tvu/f1ZIbgcEvmXpZntxa4586qXtOXCDU6,Sat Mar 07 2026 18:31:30 GMT+0800 (中国标准时间),Sat Mar 07 2026 18:31:30 GMT+0800 (中国标准时间),active,,
961,user47,user47@test.com,$2b$10$Gq0ye0zm95Hr76sSRki7pO/nmXQbe1v3e46rSLnxPB2AGEGdQvPBS,Sat Mar 07 2026 18:31:30 GMT+0800 (中国标准时间),Sat Mar 07 2026 18:31:30 GMT+0800 (中国标准时间),pending_deletion,Sun Jul 13 2025 02:54:13 GMT+0800 (中国标准时间),Reason 47
962,user48,user48@email.com,$2b$10$zvH5ClihA1EXo1iogbDT9.mYExXRt7XQCyXsbv3Jh4oZ2y6J6Bqky,Sat Mar 07 2026 18:31:30 GMT+0800 (中国标准时间),Sat Mar 07 2026 18:31:30 GMT+0800 (中国标准时间),active,,
963,user49,user49@mail.com,$2b$10$dwE6bZA3T9V491YixlfuP.1/GI3f5Q4lRFViV2utM1Th0cLB6DD0O,Sat Mar 07 2026 18:31:30 GMT+0800 (中国标准时间),Sat Mar 07 2026 18:31:30 GMT+0800 (中国标准时间),active,,
964,user50,user50@example.com,$2b$10$bEn./mojkPe6GCXTSuxkVONImhiIdwYE9iPSjXFJWsbp8nRJKTBNO,Sat Mar 07 2026 18:31:30 GMT+0800 (中国标准时间),Sat Mar 07 2026 18:31:30 GMT+0800 (中国标准时间),pending_deletion,Tue Oct 07 2025 21:45:27 GMT+0800 (中国标准时间),Reason 50
965,user51,user51@mail.com,$2b$10$8rAZYsrEjTw/DP7H24VVmOvIaLqxieo.SqcFTsGHzfDAdEO.EYY.6,Sat Mar 07 2026 18:31:30 GMT+0800 (中国标准时间),Sat Mar 07 2026 18:31:30 GMT+0800 (中国标准时间),active,,
966,user52,user52@email.com,$2b$10$voNQlM965rgYo.IZZA80D.n.vBLxe3K9X8yyhT9VXo7/yRyIUAtbq,Sat Mar 07 2026 18:31:30 GMT+0800 (中国标准时间),Sat Mar 07 2026 18:31:30 GMT+0800 (中国标准时间),active,,
967,user53,user53@email.com,$2b$10$H693sOOnafwQF37gtF.We.ot9Q/7nTSl/KDJJyxVRmzcSutLFhWTK,Sat Mar 07 2026 18:31:30 GMT+0800 (中国标准时间),Sat Mar 07 2026 18:31:30 GMT+0800 (中国标准时间),pending_deletion,Sat Jul 12 2025 18:35:26 GMT+0800 (中国标准时间),Reason 53
968,user54,user54@example.com,$2b$10$d./khJ2ZUs5iNkLAdC/0.es6iaxvp19onIgK83GB1bAxVz0yqwiZ6,Sat Mar 07 2026 18:31:30 GMT+0800 (中国标准时间),Sat Mar 07 2026 18:31:30 GMT+0800 (中国标准时间),active,,
969,user55,user55@mail.com,$2b$10$wP886upupEFe16RvmtbhL.zlZYu4LR3HlxPltLL3g9sz1DlpDUrNy,Sat Mar 07 2026 18:31:30 GMT+0800 (中国标准时间),Sat Mar 07 2026 18:31:30 GMT+0800 (中国标准时间),pending_deletion,Fri Feb 13 2026 23:51:05 GMT+0800 (中国标准时间),Reason 55
970,user56,user56@example.com,$2b$10$ItN4D.UD5Hd1N/LyB8UhtuOQMNeZceAwnxKViHjQZj9Twd5kmZAPq,Sat Mar 07 2026 18:31:30 GMT+0800 (中国标准时间),Sat Mar 07 2026 18:31:30 GMT+0800 (中国标准时间),pending_deletion,Sun Sep 14 2025 21:20:55 GMT+0800 (中国标准时间),Reason 56
971,user57,user57@email.com,$2b$10$l8IoHpd340b/UNVRsc32nu4ieUQJpiMDSHPM6u4fqY/nDCrzbtgaS,Sat Mar 07 2026 18:31:30 GMT+0800 (中国标准时间),Sat Mar 07 2026 18:31:30 GMT+0800 (中国标准时间),active,,
972,user58,user58@email.com,$2b$10$BO9XLGs9JS6G1ysVDeuk5Ozy6R/7ey1jzD8fzIRMWqA/ZsK.XCSNK,Sat Mar 07 2026 18:31:30 GMT+0800 (中国标准时间),Sat Mar 07 2026 18:31:30 GMT+0800 (中国标准时间),active,,
973,user59,user59@mail.com,$2b$10$hXl7rlqv16zlP918UDiBj.EyILnsDNwKNWQFGAR1eWMu7SIVto.e6,Sat Mar 07 2026 18:31:30 GMT+0800 (中国标准时间),Sat Mar 07 2026 18:31:30 GMT+0800 (中国标准时间),active,,
974,user60,user60@test.com,$2b$10$kPq1kd.K26FIhe/BSeuMr.ukBGVtU8klpS613po9xRJdCqDDgeSA2,Sat Mar 07 2026 18:31:30 GMT+0800 (中国标准时间),Sat Mar 07 2026 18:31:30 GMT+0800 (中国标准时间),active,,
975,user61,user61@test.com,$2b$10$tSf4vTwICUQ7fpOKsmKmrusF7W7Wf2vUySt2cbU2TDpMlEEHPI8bS,Sat Mar 07 2026 18:31:30 GMT+0800 (中国标准时间),Sat Mar 07 2026 18:31:30 GMT+0800 (中国标准时间),active,,
976,user62,user62@test.com,$2b$10$bDgTHgrCbVF/KiTdGlUB4ezriYwM3ZGYNaq4l.JEP6tYzXJzr7lyq,Sat Mar 07 2026 18:31:30 GMT+0800 (中国标准时间),Sat Mar 07 2026 18:31:30 GMT+0800 (中国标准时间),active,,
977,user63,user63@mail.com,$2b$10$pwNdg2wX.9sRuojpSicxfef0gG8VvIyU.ArL4OLTeHLPtnRo5K3Cm,Sat Mar 07 2026 18:31:30 GMT+0800 (中国标准时间),Sat Mar 07 2026 18:31:30 GMT+0800 (中国标准时间),active,,
978,user64,user64@mail.com,$2b$10$YbpCJdS38nErawr19D9gd.539XcK8GDEwpRiB8U5b3ijKtms0v/FG,Sat Mar 07 2026 18:31:30 GMT+0800 (中国标准时间),Sat Mar 07 2026 18:31:30 GMT+0800 (中国标准时间),active,,
979,user65,user65@mail.com,$2b$10$Aho7Frs6/1WHhWBIoBsdNO10ZS7tOY.qewMC4jWT6LQuvXp1n0STS,Sat Mar 07 2026 18:31:30 GMT+0800 (中国标准时间),Sat Mar 07 2026 18:31:30 GMT+0800 (中国标准时间),deleted,Sat Jun 21 2025 01:46:02 GMT+0800 (中国标准时间),Reason 65
980,user66,user66@example.com,$2b$10$jkg638riUyM8higxAu2XeO7lOf0POlg6N6/XQO7km4Af2tVE7ubE2,Sat Mar 07 2026 18:31:30 GMT+0800 (中国标准时间),Sat Mar 07 2026 18:31:30 GMT+0800 (中国标准时间),pending_deletion,Mon Mar 17 2025 00:09:40 GMT+0800 (中国标准时间),Reason 66
981,user67,user67@test.com,$2b$10$9OZQgbCQ8qDylorZYzTR.eo0NDoOtOu85bl75n9iBv.eJOg3tSoYu,Sat Mar 07 2026 18:31:30 GMT+0800 (中国标准时间),Sat Mar 07 2026 18:31:30 GMT+0800 (中国标准时间),deleted,Mon Oct 20 2025 04:14:19 GMT+0800 (中国标准时间),Reason 67
982,user68,user68@test.com,$2b$10$ToEtruQ/4CwORXTxSm7nq.ELV0P06HfPzj8En75Vg6vJ7R6Ak.jvS,Sat Mar 07 2026 18:31:30 GMT+0800 (中国标准时间),Sat Mar 07 2026 18:31:30 GMT+0800 (中国标准时间),deleted,Tue Sep 02 2025 16:35:33 GMT+0800 (中国标准时间),Reason 68
983,user69,user69@mail.com,$2b$10$4noheZ53ljUkSQzxmtOmKuAstRXTItureh06/Et8gl4jNatGsycNq,Sat Mar 07 2026 18:31:30 GMT+0800 (中国标准时间),Sat Mar 07 2026 18:31:30 GMT+0800 (中国标准时间),pending_deletion,Mon Oct 13 2025 01:55:21 GMT+0800 (中国标准时间),Reason 69
984,user70,user70@mail.com,$2b$10$owX0poXILe9.ruv2ksDNyubRxYTHJ7iYZj9VFi34UPyAjN76WweU6,Sat Mar 07 2026 18:31:30 GMT+0800 (中国标准时间),Sat Mar 07 2026 18:31:30 GMT+0800 (中国标准时间),active,,
985,user71,user71@test.com,$2b$10$5230228y9h.iKXK0VyUGI./0QAQgjZp4xHDhiiFv74AAsmCsPENza,Sat Mar 07 2026 18:31:30 GMT+0800 (中国标准时间),Sat Mar 07 2026 18:31:30 GMT+0800 (中国标准时间),active,,
986,user72,user72@example.com,$2b$10$FTIqtXwlFOHQ7b2xColuxukVhhWZwi8NNSUPPdxYDUDtv.VBQeN8y,Sat Mar 07 2026 18:31:30 GMT+0800 (中国标准时间),Sat Mar 07 2026 18:31:30 GMT+0800 (中国标准时间),pending_deletion,Tue Aug 12 2025 03:06:25 GMT+0800 (中国标准时间),Reason 72
987,user73,user73@mail.com,$2b$10$6sV0K6PND./QU4Vm31h74u7z3/x0SSVU2GSjWKncFv.WKVDtioFeO,Sat Mar 07 2026 18:31:30 GMT+0800 (中国标准时间),Sat Mar 07 2026 18:31:30 GMT+0800 (中国标准时间),pending_deletion,Mon Nov 03 2025 05:10:15 GMT+0800 (中国标准时间),Reason 73
988,user74,user74@example.com,$2b$10$CMfZLRawm1d02SieXgNBkew2z8yjU1L41rgqDSOweou6d3R29rhFu,Sat Mar 07 2026 18:31:30 GMT+0800 (中国标准时间),Sat Mar 07 2026 18:31:30 GMT+0800 (中国标准时间),deleted,Sat Nov 22 2025 18:16:26 GMT+0800 (中国标准时间),Reason 74
989,user75,user75@mail.com,$2b$10$EXZDQn4tFFtcNj15tpOdl.ETVB2hYw1.7gzoPOiuvmgMHZ4gpgjjW,Sat Mar 07 2026 18:31:30 GMT+0800 (中国标准时间),Sat Mar 07 2026 18:31:30 GMT+0800 (中国标准时间),active,,
990,user76,user76@example.com,$2b$10$wDXt2RxRxwIMqsa.yofGvuuHEuIVCjLA48OYg33v18d0Z2LtG4kzC,Sat Mar 07 2026 18:31:30 GMT+0800 (中国标准时间),Sat Mar 07 2026 18:31:30 GMT+0800 (中国标准时间),active,,
991,user77,user77@mail.com,$2b$10$gTFURFSaxvttcl5SFrQ5DeIMzMDjILBBpquyc6l57SxvseMvqiuPC,Sat Mar 07 2026 18:31:30 GMT+0800 (中国标准时间),Sat Mar 07 2026 18:31:30 GMT+0800 (中国标准时间),pending_deletion,Sat Oct 18 2025 02:35:55 GMT+0800 (中国标准时间),Reason 77
992,user78,user78@email.com,$2b$10$5HgqwP4yU80wfVqaLGF1eeaPu/wcBn8dXoiGCt6Qbh0S2gx1gzdQu,Sat Mar 07 2026 18:31:30 GMT+0800 (中国标准时间),Sat Mar 07 2026 18:31:30 GMT+0800 (中国标准时间),active,,
993,user79,user79@example.com,$2b$10$vB3J5MTGt3Tp29zeqa75F.C1HNCRJTeH40bJ/h7nS5Er6Ur4O0yf6,Sat Mar 07 2026 18:31:30 GMT+0800 (中国标准时间),Sat Mar 07 2026 18:31:30 GMT+0800 (中国标准时间),deleted,Mon Jul 07 2025 05:25:41 GMT+0800 (中国标准时间),Reason 79
994,user80,user80@test.com,$2b$10$9ZBB/eUkzXrD1AjTfJ/cb.gZMdWtDL4fpPaCx43IgSuX7GhYvgv4S,Sat Mar 07 2026 18:31:30 GMT+0800 (中国标准时间),Sat Mar 07 2026 18:31:30 GMT+0800 (中国标准时间),pending_deletion,Sat May 03 2025 17:07:34 GMT+0800 (中国标准时间),Reason 80
995,user81,user81@email.com,$2b$10$T5YqFZtKdnPW6xR9AzLDc.FAUe4zJUpCo4cu430s4SPoyvPOZkq2K,Sat Mar 07 2026 18:31:30 GMT+0800 (中国标准时间),Sat Mar 07 2026 18:31:30 GMT+0800 (中国标准时间),deleted,Wed Feb 25 2026 16:57:00 GMT+0800 (中国标准时间),Reason 81
996,user82,user82@test.com,$2b$10$JlZ9yKDYaK.8Iv1MhzmcxO.VTMPP.8NbGN.uH8dQVNLMk7L6C3cge,Sat Mar 07 2026 18:31:30 GMT+0800 (中国标准时间),Sat Mar 07 2026 18:31:30 GMT+0800 (中国标准时间),deleted,Sat May 17 2025 05:48:40 GMT+0800 (中国标准时间),Reason 82
997,user83,user83@example.com,$2b$10$30/NqRVMFE0LojT9Yzyhbu9V2a1TO.0RTL3bNspvVFqvDDBLvUrKe,Sat Mar 07 2026 18:31:30 GMT+0800 (中国标准时间),Sat Mar 07 2026 18:31:30 GMT+0800 (中国标准时间),active,,
998,user84,user84@email.com,$2b$10$S0Sd0hEcFKUc7QxdpRSfkeqfC35bfbWgu8HKDg.c1Vz0s7xNAgJ06,Sat Mar 07 2026 18:31:30 GMT+0800 (中国标准时间),Sat Mar 07 2026 18:31:30 GMT+0800 (中国标准时间),pending_deletion,Sun Jul 20 2025 23:35:28 GMT+0800 (中国标准时间),Reason 84
999,user85,user85@email.com,$2b$10$mkv.ICWKOVjB4zkzZtDy6O0auBGnQo/eln0oN.JqqIF8oeEmyyRfu,Sat Mar 07 2026 18:31:30 GMT+0800 (中国标准时间),Sat Mar 07 2026 18:31:30 GMT+0800 (中国标准时间),active,,
1000,user86,user86@email.com,$2b$10$7Lrm/m2u/4I3.OvKaKuuRebVPurB3OhQcAyu/VoUGgrl.VTR5Nl5y,Sat Mar 07 2026 18:31:30 GMT+0800 (中国标准时间),Sat Mar 07 2026 18:31:30 GMT+0800 (中国标准时间),active,,
1001,user87,user87@test.com,$2b$10$WC95158ORvg.h28a./aPIeAj9d4b5EnS4l70u71265N7VHlilh/Hi,Sat Mar 07 2026 18:31:30 GMT+0800 (中国标准时间),Sat Mar 07 2026 18:31:30 GMT+0800 (中国标准时间),deleted,Tue Feb 03 2026 16:19:53 GMT+0800 (中国标准时间),Reason 87
1002,user88,user88@email.com,$2b$10$KtDaSRG07L.dwEhvC4pJlOn.ECI6XervgVRkX8MRCSdMW8fQLoxae,Sat Mar 07 2026 18:31:30 GMT+0800 (中国标准时间),Sat Mar 07 2026 18:31:30 GMT+0800 (中国标准时间),active,,
1003,user89,user89@example.com,$2b$10$YKueYo7E1Uphl1Oso6ipl.a6NtZ15RVWbR2RVcBMCsQNmApyfAUtS,Sat Mar 07 2026 18:31:30 GMT+0800 (中国标准时间),Sat Mar 07 2026 18:31:30 GMT+0800 (中国标准时间),pending_deletion,Sun Jun 29 2025 08:33:41 GMT+0800 (中国标准时间),Reason 89
1004,user90,user90@mail.com,$2b$10$qGqbNs5bdM5LbCM7MHrzZeujkMWK3B7G2GRiGCYWHwBBc6bXAjcGq,Sat Mar 07 2026 18:31:30 GMT+0800 (中国标准时间),Sat Mar 07 2026 18:31:30 GMT+0800 (中国标准时间),deleted,Sun Jun 15 2025 06:33:28 GMT+0800 (中国标准时间),Reason 90
1005,user91,user91@email.com,$2b$10$DRYEhgP3t8rEVSUYVnJ63eDaMpUvf7qjWlafV7JE.bccbmncb0TCi,Sat Mar 07 2026 18:31:30 GMT+0800 (中国标准时间),Sat Mar 07 2026 18:31:30 GMT+0800 (中国标准时间),active,,
1006,user92,user92@example.com,$2b$10$I5WmpDjF/ly8IsALGioe9uFsxpjlUIXNumBLBjv7XTnhE2OHzBUmW,Sat Mar 07 2026 18:31:30 GMT+0800 (中国标准时间),Sat Mar 07 2026 18:31:30 GMT+0800 (中国标准时间),deleted,Thu Nov 06 2025 23:50:21 GMT+0800 (中国标准时间),Reason 92
1007,user93,user93@mail.com,$2b$10$bUuwCX7Ei6BK8sYuVnBqtumMAar8zvepDEr3RGuBQ/rHJfAwhZE5u,Sat Mar 07 2026 18:31:30 GMT+0800 (中国标准时间),Sat Mar 07 2026 18:31:30 GMT+0800 (中国标准时间),active,,
1008,user94,user94@example.com,$2b$10$Ce/ZaPD.YitFLSYmZMnKKenOLtrhQnAjVQH.xJAHmNpiZeUIF1swC,Sat Mar 07 2026 18:31:30 GMT+0800 (中国标准时间),Sat Mar 07 2026 18:31:30 GMT+0800 (中国标准时间),pending_deletion,Fri May 02 2025 16:05:28 GMT+0800 (中国标准时间),Reason 94
1009,user95,user95@email.com,$2b$10$v6Rr1Jx6Eq7hGnDyBRTdfOIY7a/FFWqWsRKERNcdSj1Gj1KfAItSe,Sat Mar 07 2026 18:31:30 GMT+0800 (中国标准时间),Sat Mar 07 2026 18:31:30 GMT+0800 (中国标准时间),pending_deletion,Sat Apr 19 2025 06:48:45 GMT+0800 (中国标准时间),Reason 95
1010,user96,user96@test.com,$2b$10$g5cz.uDWTN8hPvHQe7mT8.LRCBXp2H3QVVTgBQKzkUWm0f5rX1E8u,Sat Mar 07 2026 18:31:30 GMT+0800 (中国标准时间),Sat Mar 07 2026 18:31:30 GMT+0800 (中国标准时间),active,,
1011,user97,user97@test.com,$2b$10$5OOFlqBdZzEuF8wO4I4v3.tX33jhvRl0wgUTOt/rGan4QWtMbnYPC,Sat Mar 07 2026 18:31:30 GMT+0800 (中国标准时间),Sat Mar 07 2026 18:31:30 GMT+0800 (中国标准时间),active,,
1012,user98,user98@test.com,$2b$10$JS6hT2s0d2E4ZGBHdDhxSuNuIO7bOsmArYucx05D1D/THzzWrTXbq,Sat Mar 07 2026 18:31:30 GMT+0800 (中国标准时间),Sat Mar 07 2026 18:31:30 GMT+0800 (中国标准时间),active,,
1013,user99,user99@example.com,$2b$10$fs24/q5pCAZDNs6oxKcDkOQGPsvRL25tBK8V2vJjysKZtLnYTI8YO,Sat Mar 07 2026 18:31:30 GMT+0800 (中国标准时间),Sat Mar 07 2026 18:31:30 GMT+0800 (中国标准时间),pending_deletion,Fri May 16 2025 19:52:45 GMT+0800 (中国标准时间),Reason 99
1014,user100,user100@test.com,$2b$10$R9zcjW2AB02tjK.n4pSUo.d23zoCc09PNFveuUVJD3KQIPjAjhwli,Sat Mar 07 2026 18:31:30 GMT+0800 (中国标准时间),Sat Mar 07 2026 18:31:30 GMT+0800 (中国标准时间),active,,
1015,user101,user101@email.com,$2b$10$hq5Zds/jp/ZYH2mGekfH7ecPm7eaEcjxKM5MP6iEGtY7R29UQQbZ2,Sat Mar 07 2026 18:31:30 GMT+0800 (中国标准时间),Sat Mar 07 2026 18:31:30 GMT+0800 (中国标准时间),pending_deletion,Sun Apr 27 2025 02:39:45 GMT+0800 (中国标准时间),Reason 101
1016,user102,user102@test.com,$2b$10$jOx94fBXrFEXcWMjsap.N.F.cVbHGR1cgYC26iAxNkr33gklpc9xi,Sat Mar 07 2026 18:31:30 GMT+0800 (中国标准时间),Sat Mar 07 2026 18:31:30 GMT+0800 (中国标准时间),pending_deletion,Sun Feb 01 2026 01:37:43 GMT+0800 (中国标准时间),Reason 102
1017,user103,user103@mail.com,$2b$10$64M7dK3LtaNfBBOERwbUEONEnsatwD8VpZsVX53.DB7plu93BG/oe,Sat Mar 07 2026 18:31:30 GMT+0800 (中国标准时间),Sat Mar 07 2026 18:31:30 GMT+0800 (中国标准时间),active,,
1018,user104,user104@mail.com,$2b$10$q7rHIFoee2MkBhlMQef/Pu36/WUBaoKkLh5mId1MncB5kV.gjw3He,Sat Mar 07 2026 18:31:30 GMT+0800 (中国标准时间),Sat Mar 07 2026 18:31:30 GMT+0800 (中国标准时间),deleted,Sat Oct 25 2025 05:51:15 GMT+0800 (中国标准时间),Reason 104
1019,user105,user105@mail.com,$2b$10$YPAEyH6/SOaKTq8iAS4F4u1MzupWZa6mAYxZwhHKRBSgs861nqrqy,Sat Mar 07 2026 18:31:30 GMT+0800 (中国标准时间),Sat Mar 07 2026 18:31:30 GMT+0800 (中国标准时间),deleted,Fri Feb 13 2026 10:50:02 GMT+0800 (中国标准时间),Reason 105
1020,user106,user106@email.com,$2b$10$cfLW/zeyBARLndZ/SoZOJObZkC7cKwWqzVba7eruH3MsCqcCCUiCq,Sat Mar 07 2026 18:31:30 GMT+0800 (中国标准时间),Sat Mar 07 2026 18:31:30 GMT+0800 (中国标准时间),deleted,Tue Sep 23 2025 04:26:34 GMT+0800 (中国标准时间),Reason 106
1021,user107,user107@example.com,$2b$10$Y2xDiz0rbpNd5y9jrjpJHev55hNNzAP/skkVQ98YQD.6IOdcSCOWy,Sat Mar 07 2026 18:31:30 GMT+0800 (中国标准时间),Sat Mar 07 2026 18:31:30 GMT+0800 (中国标准时间),deleted,Wed May 28 2025 02:16:06 GMT+0800 (中国标准时间),Reason 107
1022,user108,user108@test.com,$2b$10$36/48QTIu6kE3StS9lBnl.gKXPbUS9vR4ugI.9DY/7qFFmzcFIAca,Sat Mar 07 2026 18:31:30 GMT+0800 (中国标准时间),Sat Mar 07 2026 18:31:30 GMT+0800 (中国标准时间),deleted,Sun Apr 06 2025 06:09:04 GMT+0800 (中国标准时间),Reason 108
1023,user109,user109@mail.com,$2b$10$/oLF/SqJanjuF2Ap.4MeaOEjguN4zZfid/.xvC69Bp95RLljEzEtK,Sat Mar 07 2026 18:31:30 GMT+0800 (中国标准时间),Sat Mar 07 2026 18:31:30 GMT+0800 (中国标准时间),pending_deletion,Sat Feb 14 2026 04:21:59 GMT+0800 (中国标准时间),Reason 109
1024,user110,user110@example.com,$2b$10$R.oVn9FQ8hq/kWvPV3GYN.2Gifk/43qkq68U/BSVGtoF3Ao3LdnS.,Sat Mar 07 2026 18:31:30 GMT+0800 (中国标准时间),Sat Mar 07 2026 18:31:30 GMT+0800 (中国标准时间),deleted,Tue Jan 20 2026 22:37:22 GMT+0800 (中国标准时间),Reason 110
1025,user111,user111@mail.com,$2b$10$5mEmBR0hxWmbmn9G8ry5AeuHx1nNI2o4AkeQB/PcOxMv1pZAt8eWO,Sat Mar 07 2026 18:31:30 GMT+0800 (中国标准时间),Sat Mar 07 2026 18:31:30 GMT+0800 (中国标准时间),active,,
1026,user112,user112@mail.com,$2b$10$LZvP5gVbgLcoNfj9SjlD9OI0mlcnoKBE0zx00SA3pDtActVckavfa,Sat Mar 07 2026 18:31:30 GMT+0800 (中国标准时间),Sat Mar 07 2026 18:31:30 GMT+0800 (中国标准时间),pending_deletion,Thu Jul 17 2025 05:28:39 GMT+0800 (中国标准时间),Reason 112
1027,user113,user113@test.com,$2b$10$yEXM5CHQgP7oMOITTsixoORAOTwFF/oeVsqnG2AjYRs/8iE2nH7gW,Sat Mar 07 2026 18:31:30 GMT+0800 (中国标准时间),Sat Mar 07 2026 18:31:30 GMT+0800 (中国标准时间),active,,
1028,user114,user114@test.com,$2b$10$GqVXlvxAowY6mXis67YN7O1jmYvd/QErTTRfcfiBS/qSEshJB3zFu,Sat Mar 07 2026 18:31:30 GMT+0800 (中国标准时间),Sat Mar 07 2026 18:31:30 GMT+0800 (中国标准时间),active,,
1029,user115,user115@email.com,$2b$10$ha8fYq2T4DdhHpP5tRxWj.ZP234GNHe/P0bvXA9TW13ldFBFYm3HC,Sat Mar 07 2026 18:31:30 GMT+0800 (中国标准时间),Sat Mar 07 2026 18:31:30 GMT+0800 (中国标准时间),pending_deletion,Sat Jun 14 2025 20:58:27 GMT+0800 (中国标准时间),Reason 115
1030,user116,user116@example.com,$2b$10$hCclDh/F/QJKzgXvYGu7ju0w3c.3OX4ZBfVkx0HZdZKGzlCy9Ou2m,Sat Mar 07 2026 18:31:30 GMT+0800 (中国标准时间),Sat Mar 07 2026 18:31:30 GMT+0800 (中国标准时间),deleted,Wed Jul 09 2025 16:00:44 GMT+0800 (中国标准时间),Reason 116
1031,user117,user117@email.com,$2b$10$hLwhlzwYdtgbq4YfLa9ioeGJQQU0G8DCyvDhWTpWsUA3dKUhZQrx2,Sat Mar 07 2026 18:31:30 GMT+0800 (中国标准时间),Sat Mar 07 2026 18:31:30 GMT+0800 (中国标准时间),pending_deletion,Fri Jul 18 2025 10:42:22 GMT+0800 (中国标准时间),Reason 117
1032,user118,user118@example.com,$2b$10$RewgVDh3I3IOS9tPbn8gtelknz5Cj7haNkEsm.P4/NroTmg0d70EO,Sat Mar 07 2026 18:31:30 GMT+0800 (中国标准时间),Sat Mar 07 2026 18:31:30 GMT+0800 (中国标准时间),pending_deletion,Tue May 06 2025 15:22:32 GMT+0800 (中国标准时间),Reason 118
1033,user119,user119@mail.com,$2b$10$VuERYjTlbWC66cxVjBKt2.Dza9ehz60Hq7p8q7Nt6wSHsW6VhcXzO,Sat Mar 07 2026 18:31:30 GMT+0800 (中国标准时间),Sat Mar 07 2026 18:31:30 GMT+0800 (中国标准时间),pending_deletion,Wed Aug 13 2025 05:08:24 GMT+0800 (中国标准时间),Reason 119
1034,user120,user120@mail.com,$2b$10$FAFSOsXpGgXACM2ZkRFnk.l1shWMr7vOQQjEoxvso/ID8BJWb4nhu,Sat Mar 07 2026 18:31:30 GMT+0800 (中国标准时间),Sat Mar 07 2026 18:31:30 GMT+0800 (中国标准时间),deleted,Mon Dec 29 2025 03:25:16 GMT+0800 (中国标准时间),Reason 120
1035,user121,user121@mail.com,$2b$10$ji.ZxeLmABXoCnFWqlZhn.uufulISi3NFlx9MUHEYX1k1Z.gYzKlC,Sat Mar 07 2026 18:31:30 GMT+0800 (中国标准时间),Sat Mar 07 2026 18:31:30 GMT+0800 (中国标准时间),deleted,Sat Aug 23 2025 20:45:22 GMT+0800 (中国标准时间),Reason 121
1036,user122,user122@example.com,$2b$10$.RMV4i1j4GEd9XfP4M2ZQu2mEhut6hzhnO7/HWdolDJwKe2T.lYCi,Sat Mar 07 2026 18:31:30 GMT+0800 (中国标准时间),Sat Mar 07 2026 18:31:30 GMT+0800 (中国标准时间),active,,
1037,user123,user123@mail.com,$2b$10$8pUbKMsZ7FFqfxlciu/20.hzWUl0OIEuTcoA.DB.nQpME/yEah2hm,Sat Mar 07 2026 18:31:30 GMT+0800 (中国标准时间),Sat Mar 07 2026 18:31:30 GMT+0800 (中国标准时间),deleted,Sat Dec 13 2025 23:08:10 GMT+0800 (中国标准时间),Reason 123
1038,user124,user124@test.com,$2b$10$xx4TD0cpY34ll4bvzVoLHO/ei4oy3KwpG/z6r64Pd3wd6jhAtPfbu,Sat Mar 07 2026 18:31:30 GMT+0800 (中国标准时间),Sat Mar 07 2026 18:31:30 GMT+0800 (中国标准时间),pending_deletion,Tue Aug 19 2025 03:00:51 GMT+0800 (中国标准时间),Reason 124
1039,user125,user125@mail.com,$2b$10$.w3pUMTZzJlaPGt00ckjE.p6FzVEfJEuqbQijoEc7Yd3Y43pr51HS,Sat Mar 07 2026 18:31:30 GMT+0800 (中国标准时间),Sat Mar 07 2026 18:31:30 GMT+0800 (中国标准时间),active,,
1040,user126,user126@email.com,$2b$10$5gCks1DVJFbsOXGphnebvezxdZ4cwUk/HT3cdYswWNE1aO7mFyufO,Sat Mar 07 2026 18:31:30 GMT+0800 (中国标准时间),Sat Mar 07 2026 18:31:30 GMT+0800 (中国标准时间),deleted,Fri Jun 06 2025 02:51:19 GMT+0800 (中国标准时间),Reason 126
1041,user127,user127@mail.com,$2b$10$hicOcGSjrtQtzXC602X22OM35lLz76X3Mu0GXZMWszNMrif5qppZe,Sat Mar 07 2026 18:31:30 GMT+0800 (中国标准时间),Sat Mar 07 2026 18:31:30 GMT+0800 (中国标准时间),active,,
1042,user128,user128@email.com,$2b$10$I9fsl3W9F5GyYZcIoEl7r.BSFU9oSi9/0kN0S/HgIcD0G2awjnl3i,Sat Mar 07 2026 18:31:30 GMT+0800 (中国标准时间),Sat Mar 07 2026 18:31:30 GMT+0800 (中国标准时间),deleted,Fri Sep 26 2025 03:40:11 GMT+0800 (中国标准时间),Reason 128
1043,user129,user129@email.com,$2b$10$lt5OR8wKFhYIbDxxpMRlT.8rvTsuh27NjBnL0Ezyj4ejOPM8Ng0Jm,Sat Mar 07 2026 18:31:30 GMT+0800 (中国标准时间),Sat Mar 07 2026 18:31:30 GMT+0800 (中国标准时间),deleted,Thu Jun 26 2025 06:38:06 GMT+0800 (中国标准时间),Reason 129
1044,user130,user130@mail.com,$2b$10$fa3O3TfNu/8VH5FrABFl4uiyt2CHXQqHKtXbU3vpa/igneDPqJHp.,Sat Mar 07 2026 18:31:30 GMT+0800 (中国标准时间),Sat Mar 07 2026 18:31:30 GMT+0800 (中国标准时间),active,,
1045,user131,user131@mail.com,$2b$10$L8yrYvQfvRvicB6OnFlwSuBEYWwpNkkZ1EDtBO14AMs8KvXifb2Ca,Sat Mar 07 2026 18:31:30 GMT+0800 (中国标准时间),Sat Mar 07 2026 18:31:30 GMT+0800 (中国标准时间),deleted,Thu Jan 01 2026 00:19:47 GMT+0800 (中国标准时间),Reason 131
1046,user132,user132@example.com,$2b$10$V6OYZDmi2RlBJ2C9dxRh9uo6SLs50Eco8uHpdTHUDXmCr5dLUI2Ii,Sat Mar 07 2026 18:31:30 GMT+0800 (中国标准时间),Sat Mar 07 2026 18:31:30 GMT+0800 (中国标准时间),deleted,Thu Dec 04 2025 10:47:34 GMT+0800 (中国标准时间),Reason 132
1047,user133,user133@mail.com,$2b$10$w5KDscwyQbtw2NlOLEgjcOySEy2DK3gv0BFsKaaWFjHaBck5EwEbO,Sat Mar 07 2026 18:31:30 GMT+0800 (中国标准时间),Sat Mar 07 2026 18:31:30 GMT+0800 (中国标准时间),active,,
1048,user134,user134@mail.com,$2b$10$kWdAfpoCiwgB8EQKlFwEFeLpCQG4RGdjUyYOt3IC.o5ECk8KE7vTC,Sat Mar 07 2026 18:31:30 GMT+0800 (中国标准时间),Sat Mar 07 2026 18:31:30 GMT+0800 (中国标准时间),active,,
1049,user135,user135@example.com,$2b$10$k0Z3pWdJCwu.TVbmGDz2HeTGSSnXU29D6p4pj8gJbbAYCj6tNTgxG,Sat Mar 07 2026 18:31:30 GMT+0800 (中国标准时间),Sat Mar 07 2026 18:31:30 GMT+0800 (中国标准时间),deleted,Wed Dec 03 2025 10:58:41 GMT+0800 (中国标准时间),Reason 135
1050,user136,user136@mail.com,$2b$10$V.OZnOtEBfKvgnc7G0tChe5vMYxs7Uk5jMyjoueY2bQhM5.7Ist52,Sat Mar 07 2026 18:31:30 GMT+0800 (中国标准时间),Sat Mar 07 2026 18:31:30 GMT+0800 (中国标准时间),active,,
1051,user137,user137@email.com,$2b$10$4qz.4/2uBykVPdkMzEQMTex5bO8p8N/LNZ85ImRQ30uMPVPOA0tGW,Sat Mar 07 2026 18:31:30 GMT+0800 (中国标准时间),Sat Mar 07 2026 18:31:30 GMT+0800 (中国标准时间),active,,
1052,user138,user138@mail.com,$2b$10$HIOC2J7dIBcDtsb5P4oOPernNaQ//9hBUhyXejTfupKIhhsnW87Pu,Sat Mar 07 2026 18:31:30 GMT+0800 (中国标准时间),Sat Mar 07 2026 18:31:30 GMT+0800 (中国标准时间),deleted,Fri Jan 09 2026 14:43:43 GMT+0800 (中国标准时间),Reason 138
1053,user139,user139@example.com,$2b$10$f4sHEmEiZCbcXwblS7k8FuqDL2KiVZ2e6Rn6iEDEiM8Z9jzF9zDUe,Sat Mar 07 2026 18:31:30 GMT+0800 (中国标准时间),Sat Mar 07 2026 18:31:30 GMT+0800 (中国标准时间),active,,
1054,user140,user140@test.com,$2b$10$FqXku5IQds.JnTW9NhCXm.Fc1tFWohHYSSt3xjUv9AKd7U.EGCZEi,Sat Mar 07 2026 18:31:30 GMT+0800 (中国标准时间),Sat Mar 07 2026 18:31:30 GMT+0800 (中国标准时间),deleted,Sun Mar 01 2026 00:06:57 GMT+0800 (中国标准时间),Reason 140
1055,user141,user141@email.com,$2b$10$KuuFPwTDTD2jxLUCJ4OPi.JHzUXOqv/ej76dQhElwxGGXLgAjPhkm,Sat Mar 07 2026 18:31:30 GMT+0800 (中国标准时间),Sat Mar 07 2026 18:31:30 GMT+0800 (中国标准时间),pending_deletion,Wed Apr 30 2025 19:34:45 GMT+0800 (中国标准时间),Reason 141
1056,user142,user142@example.com,$2b$10$67x9G9kdkVEJLkD60LRG2e7zv1mZoDRzlvrxTJP7hvXNihc.zAhcu,Sat Mar 07 2026 18:31:30 GMT+0800 (中国标准时间),Sat Mar 07 2026 18:31:30 GMT+0800 (中国标准时间),deleted,Mon Apr 07 2025 23:00:25 GMT+0800 (中国标准时间),Reason 142
1057,user143,user143@test.com,$2b$10$ImM23kkkXF5KgH2Pj.QGz.RuZTPl/8OLSuB4RCS.6uM9mB6ZXSV3q,Sat Mar 07 2026 18:31:30 GMT+0800 (中国标准时间),Sat Mar 07 2026 18:31:30 GMT+0800 (中国标准时间),deleted,Fri May 23 2025 02:50:44 GMT+0800 (中国标准时间),Reason 143
1058,user144,user144@test.com,$2b$10$4e4MA/YJ2P1XMsJEZnu4DuIgyYSXd8bfR7jdQ9tVR9TjZQuRaLXmG,Sat Mar 07 2026 18:31:30 GMT+0800 (中国标准时间),Sat Mar 07 2026 18:31:30 GMT+0800 (中国标准时间),active,,
1059,user145,user145@example.com,$2b$10$46KJkxKxsgXRPyN9ab28Rea0vGojYNm4u3uBemkdwXLjJ0lBP2QIW,Sat Mar 07 2026 18:31:30 GMT+0800 (中国标准时间),Sat Mar 07 2026 18:31:30 GMT+0800 (中国标准时间),deleted,Sat May 24 2025 14:32:17 GMT+0800 (中国标准时间),Reason 145
1060,user146,user146@example.com,$2b$10$fz3yIAz7vMIofWIhZfMR.uXs56qZlogO7QrShPOk5t3RFEA7CFIqS,Sat Mar 07 2026 18:31:30 GMT+0800 (中国标准时间),Sat Mar 07 2026 18:31:30 GMT+0800 (中国标准时间),pending_deletion,Sat Feb 14 2026 04:05:28 GMT+0800 (中国标准时间),Reason 146
1061,user147,user147@example.com,$2b$10$zusnp8RM8qxp7FHoUsCCDOFXunEMivd/GYfaRomc4xvoJv4/MDV7G,Sat Mar 07 2026 18:31:30 GMT+0800 (中国标准时间),Sat Mar 07 2026 18:31:30 GMT+0800 (中国标准时间),deleted,Mon Oct 06 2025 10:15:15 GMT+0800 (中国标准时间),Reason 147
1062,user148,user148@mail.com,$2b$10$AZ0Xv24yeZsMvF7lVNrPSuab01c6nkaUWfvZEoqZtN7OO.VQCva0W,Sat Mar 07 2026 18:31:30 GMT+0800 (中国标准时间),Sat Mar 07 2026 18:31:30 GMT+0800 (中国标准时间),pending_deletion,Tue Dec 09 2025 23:45:29 GMT+0800 (中国标准时间),Reason 148
1063,user149,user149@test.com,$2b$10$z/Bg8tsoa4olRfXEoel5LuqyMdJdUktBz0h9W3oECouhKaTyVPGgO,Sat Mar 07 2026 18:31:30 GMT+0800 (中国标准时间),Sat Mar 07 2026 18:31:30 GMT+0800 (中国标准时间),deleted,Fri May 30 2025 04:06:50 GMT+0800 (中国标准时间),Reason 149
1064,user150,user150@test.com,$2b$10$1i2cmY1UzQqR1Z0jWOkmS.bd95uJu5NiUXbhpcfGuW/EUsnD9SK.G,Sat Mar 07 2026 18:31:30 GMT+0800 (中国标准时间),Sat Mar 07 2026 18:31:30 GMT+0800 (中国标准时间),pending_deletion,Sun May 04 2025 21:47:59 GMT+0800 (中国标准时间),Reason 150
1065,user151,user151@email.com,$2b$10$3CPesAhwnjw2uORKRi5CkOsrcr0NeM.Z.JR0UX7jP/MOfKeN.FCQS,Sat Mar 07 2026 18:31:30 GMT+0800 (中国标准时间),Sat Mar 07 2026 18:31:30 GMT+0800 (中国标准时间),pending_deletion,Thu Apr 10 2025 16:27:42 GMT+0800 (中国标准时间),Reason 151
1066,user152,user152@example.com,$2b$10$xlFTTpH.UJ73wlmFFlBXzeowWE9guglfl9d/K/35GeR/X8xRuR4XW,Sat Mar 07 2026 18:31:30 GMT+0800 (中国标准时间),Sat Mar 07 2026 18:31:30 GMT+0800 (中国标准时间),active,,
1067,user153,user153@email.com,$2b$10$GcxCzzU2n3ixjUhqBgxzZO9plv18Wz7RekNYciciezWMaxOFUiwCW,Sat Mar 07 2026 18:31:30 GMT+0800 (中国标准时间),Sat Mar 07 2026 18:31:30 GMT+0800 (中国标准时间),deleted,Sun Dec 07 2025 13:54:29 GMT+0800 (中国标准时间),Reason 153
1068,user154,user154@email.com,$2b$10$XeV0BRToMG5cb3zZnxreTO6q8eRJ5KyaPq45t9CG76i0k07hPSn2K,Sat Mar 07 2026 18:31:30 GMT+0800 (中国标准时间),Sat Mar 07 2026 18:31:30 GMT+0800 (中国标准时间),active,,
1069,user155,user155@test.com,$2b$10$TcEtWpPuCA77hNBQOMmDUenEuCtfnPkm0EKp4aRNqtBArm3AoO1ra,Sat Mar 07 2026 18:31:30 GMT+0800 (中国标准时间),Sat Mar 07 2026 18:31:30 GMT+0800 (中国标准时间),deleted,Sat Dec 20 2025 22:51:47 GMT+0800 (中国标准时间),Reason 155
1070,user156,user156@mail.com,$2b$10$wUktjvxlfLnrfzIXhQJAfOCwDRcMdk7zzhren0L65lUA3/T8h9jIW,Sat Mar 07 2026 18:31:30 GMT+0800 (中国标准时间),Sat Mar 07 2026 18:31:30 GMT+0800 (中国标准时间),deleted,Thu Dec 04 2025 11:23:05 GMT+0800 (中国标准时间),Reason 156
1071,user157,user157@test.com,$2b$10$/iKtXS.qGvl5em6Wg7BeXOk/0LYen88PmVN.Sgq0PelzQkhs6BZ8.,Sat Mar 07 2026 18:31:30 GMT+0800 (中国标准时间),Sat Mar 07 2026 18:31:30 GMT+0800 (中国标准时间),deleted,Thu Oct 02 2025 07:09:13 GMT+0800 (中国标准时间),Reason 157
1072,user158,user158@email.com,$2b$10$bdHPX.S2KlpEoxuKScpBMe39Xi.vr76Z872Fl55fbk7Z0ccYXG4my,Sat Mar 07 2026 18:31:30 GMT+0800 (中国标准时间),Sat Mar 07 2026 18:31:30 GMT+0800 (中国标准时间),active,,
1073,user159,user159@test.com,$2b$10$3W2tH6O6dZeBuSjpm.IRJ.X170bY0B5XdBoWYdCWhcJGU1gffAwOe,Sat Mar 07 2026 18:31:30 GMT+0800 (中国标准时间),Sat Mar 07 2026 18:31:30 GMT+0800 (中国标准时间),active,,
1074,user160,user160@test.com,$2b$10$kCn8bUrD2KDjNzasFuGnY.OR9mm8DURUCV3/Bz7YZVOaTvGYIiV76,Sat Mar 07 2026 18:31:30 GMT+0800 (中国标准时间),Sat Mar 07 2026 18:31:30 GMT+0800 (中国标准时间),active,,
1075,user161,user161@email.com,$2b$10$qmuFJyLSZbUIKoRAwxr83edyRrSSHLzjAwMbpL9yR.k2F8c1mnILi,Sat Mar 07 2026 18:31:30 GMT+0800 (中国标准时间),Sat Mar 07 2026 18:31:30 GMT+0800 (中国标准时间),active,,
1076,user162,user162@test.com,$2b$10$SRr3aoBd0WZiaV6xNKjql.wSHKFkLR8iP5An8hCgz.ESx8.Tsqyva,Sat Mar 07 2026 18:31:30 GMT+0800 (中国标准时间),Sat Mar 07 2026 18:31:30 GMT+0800 (中国标准时间),active,,
1077,user163,user163@mail.com,$2b$10$9WY3e3xPPDslhlmHQBUTrOInwG3O.uF7UDD.K9Byaj8bo1aq2nrcq,Sat Mar 07 2026 18:31:30 GMT+0800 (中国标准时间),Sat Mar 07 2026 18:31:30 GMT+0800 (中国标准时间),deleted,Wed Jan 14 2026 14:28:22 GMT+0800 (中国标准时间),Reason 163
1078,user164,user164@test.com,$2b$10$MIrU/CnUSaHQY27Mpes7N.HnB/iNt4CTC8i8Usn1UpaipferJj9cS,Sat Mar 07 2026 18:31:30 GMT+0800 (中国标准时间),Sat Mar 07 2026 18:31:30 GMT+0800 (中国标准时间),active,,
1079,user165,user165@example.com,$2b$10$.b/LKBzFGCqBeUaroFIjiOrywL0kzs0d4LM7EIpQcDEQa141EEvpy,Sat Mar 07 2026 18:31:30 GMT+0800 (中国标准时间),Sat Mar 07 2026 18:31:30 GMT+0800 (中国标准时间),deleted,Tue May 20 2025 10:07:49 GMT+0800 (中国标准时间),Reason 165
1080,user166,user166@example.com,$2b$10$aK2V85jBTCu91QZvtxk3ZeaR7T6PgvSwxIln74u5.C.4CVJkCL4ka,Sat Mar 07 2026 18:31:30 GMT+0800 (中国标准时间),Sat Mar 07 2026 18:31:30 GMT+0800 (中国标准时间),pending_deletion,Mon Aug 04 2025 14:46:17 GMT+0800 (中国标准时间),Reason 166
1081,user167,user167@mail.com,$2b$10$WYx7entahMG7vrUau2DqB.IkDgFEKxEDYXYG2YQb4wbsRhGGZ9coW,Sat Mar 07 2026 18:31:30 GMT+0800 (中国标准时间),Sat Mar 07 2026 18:31:30 GMT+0800 (中国标准时间),pending_deletion,Mon Nov 24 2025 03:37:20 GMT+0800 (中国标准时间),Reason 167
1082,user168,user168@example.com,$2b$10$8LmQHxC.ROaeqjzaicPWXesp4F5HjacJpY6Pc13FAJ3X5uUeBOim.,Sat Mar 07 2026 18:31:30 GMT+0800 (中国标准时间),Sat Mar 07 2026 18:31:30 GMT+0800 (中国标准时间),deleted,Thu Apr 10 2025 06:30:38 GMT+0800 (中国标准时间),Reason 168
1083,user169,user169@mail.com,$2b$10$K5H8JUKtsYr1/fE3Pd/XRuJBl6rQvFMVWumGhu5jW3FTlDUuQfyYC,Sat Mar 07 2026 18:31:30 GMT+0800 (中国标准时间),Sat Mar 07 2026 18:31:30 GMT+0800 (中国标准时间),active,,
1084,user170,user170@example.com,$2b$10$2Mec5yCujSJhiI/upohlDuDCfoo5Pkk/HpDP3UAr6BOpwwE6H4jQ2,Sat Mar 07 2026 18:31:30 GMT+0800 (中国标准时间),Sat Mar 07 2026 18:31:30 GMT+0800 (中国标准时间),deleted,Thu Jul 03 2025 06:48:26 GMT+0800 (中国标准时间),Reason 170
1085,user171,user171@email.com,$2b$10$D.D6C18C.8sd0bkvT961IePoJZojFBGhFvbk8CH42DxtneIkxr4pC,Sat Mar 07 2026 18:31:30 GMT+0800 (中国标准时间),Sat Mar 07 2026 18:31:30 GMT+0800 (中国标准时间),pending_deletion,Wed Dec 24 2025 05:36:03 GMT+0800 (中国标准时间),Reason 171
1086,user172,user172@example.com,$2b$10$SsF/ezvdYTUJyFT.RcpufOgYd66fqlCZuLEUeDTlwaWxHUPtZrpmK,Sat Mar 07 2026 18:31:30 GMT+0800 (中国标准时间),Sat Mar 07 2026 18:31:30 GMT+0800 (中国标准时间),deleted,Wed Sep 10 2025 13:56:28 GMT+0800 (中国标准时间),Reason 172
1087,user173,user173@email.com,$2b$10$YylKk5A0fZ5exCKCrzzXbeTCZWpq8B0DcZWkrhmiiuJP4A6cTaP2y,Sat Mar 07 2026 18:31:30 GMT+0800 (中国标准时间),Sat Mar 07 2026 18:31:30 GMT+0800 (中国标准时间),deleted,Fri Aug 15 2025 19:14:27 GMT+0800 (中国标准时间),Reason 173
1088,user174,user174@example.com,$2b$10$lW46gXYe5nJwMBff1UALTeewdWbRV9UPiSH8rKaZSyz/o3ijhtOyO,Sat Mar 07 2026 18:31:30 GMT+0800 (中国标准时间),Sat Mar 07 2026 18:31:30 GMT+0800 (中国标准时间),pending_deletion,Sun Dec 21 2025 07:18:17 GMT+0800 (中国标准时间),Reason 174
1089,user175,user175@example.com,$2b$10$XE5hBE3zzyTMkhDmaAxSrO5FrAJK6ltK82lKk4IiWqyJry7Vt9b9S,Sat Mar 07 2026 18:31:30 GMT+0800 (中国标准时间),Sat Mar 07 2026 18:31:30 GMT+0800 (中国标准时间),deleted,Wed Jun 11 2025 12:36:36 GMT+0800 (中国标准时间),Reason 175
1090,user176,user176@email.com,$2b$10$JbWkIiMc/.Y4Iwq94fhs7OWmqhC8ROiejsZ.8swvIpnDpmh.oZCZi,Sat Mar 07 2026 18:31:30 GMT+0800 (中国标准时间),Sat Mar 07 2026 18:31:30 GMT+0800 (中国标准时间),deleted,Mon Dec 08 2025 15:33:41 GMT+0800 (中国标准时间),Reason 176
1091,user177,user177@mail.com,$2b$10$H65M6vAVEtJqJYpKUEzbj.D5KBaFO.j8ktKNzsoq0YczPGmaD2DLK,Sat Mar 07 2026 18:31:30 GMT+0800 (中国标准时间),Sat Mar 07 2026 18:31:30 GMT+0800 (中国标准时间),pending_deletion,Thu Dec 25 2025 20:31:17 GMT+0800 (中国标准时间),Reason 177
1092,user178,user178@example.com,$2b$10$uOnDbrfzZN8SgdJynpqGGOONv14ObqAAvmoSaoWrXW/UgyO1M4/Xa,Sat Mar 07 2026 18:31:30 GMT+0800 (中国标准时间),Sat Mar 07 2026 18:31:30 GMT+0800 (中国标准时间),active,,
1093,user179,user179@email.com,$2b$10$MDUkgL7GHvuJvBpRVPULB.hcagX1by4jr5iR.1JD7YKBBP.oe5DQ6,Sat Mar 07 2026 18:31:30 GMT+0800 (中国标准时间),Sat Mar 07 2026 18:31:30 GMT+0800 (中国标准时间),pending_deletion,Sat Jan 24 2026 23:39:50 GMT+0800 (中国标准时间),Reason 179
1094,user180,user180@test.com,$2b$10$Bb9oEvNUivhMj3aVCrZ1Aele3psTQD0KrQKVF9tFp6igReTbM0l/y,Sat Mar 07 2026 18:31:30 GMT+0800 (中国标准时间),Sat Mar 07 2026 18:31:30 GMT+0800 (中国标准时间),active,,
1095,user181,user181@example.com,$2b$10$pAtny2B/AcVj08CEyPUjC.Ob6WOsN.4E9zIz33n98PnZgizofezfq,Sat Mar 07 2026 18:31:30 GMT+0800 (中国标准时间),Sat Mar 07 2026 18:31:30 GMT+0800 (中国标准时间),deleted,Tue Nov 04 2025 11:45:15 GMT+0800 (中国标准时间),Reason 181
1096,user182,user182@example.com,$2b$10$emUPwsJKRu3nbOqWggLZAuATnvVQ/E8V8Km29OLkX3/TS5j2IaW/2,Sat Mar 07 2026 18:31:30 GMT+0800 (中国标准时间),Sat Mar 07 2026 18:31:30 GMT+0800 (中国标准时间),deleted,Mon Jan 12 2026 23:35:46 GMT+0800 (中国标准时间),Reason 182
1097,user183,user183@example.com,$2b$10$634Tub7STPq6AVN8U5D6PuOgYaXOaP67OmxFx4IhT/W9193E6pJTO,Sat Mar 07 2026 18:31:30 GMT+0800 (中国标准时间),Sat Mar 07 2026 18:31:30 GMT+0800 (中国标准时间),pending_deletion,Sun Jan 04 2026 19:31:04 GMT+0800 (中国标准时间),Reason 183
1098,user184,user184@email.com,$2b$10$Ju3qTmSpUvfK7aFWZyuiNuFdB8jsZG9HiigBKlE370axNZIM8m4Ne,Sat Mar 07 2026 18:31:30 GMT+0800 (中国标准时间),Sat Mar 07 2026 18:31:30 GMT+0800 (中国标准时间),active,,
1099,user185,user185@example.com,$2b$10$nyww8q8AChF.okljJvbyaOj43D6OTmtTMb6nVYHLiaXGZ.zh5fape,Sat Mar 07 2026 18:31:30 GMT+0800 (中国标准时间),Sat Mar 07 2026 18:31:30 GMT+0800 (中国标准时间),active,,
1100,user186,user186@example.com,$2b$10$SGO.XiKvGmYeV7H6azvjuO1QdzsMwOYyaxHXT/a1aDbUev4fi49mG,Sat Mar 07 2026 18:31:30 GMT+0800 (中国标准时间),Sat Mar 07 2026 18:31:30 GMT+0800 (中国标准时间),pending_deletion,Tue Aug 19 2025 06:31:14 GMT+0800 (中国标准时间),Reason 186
1101,user187,user187@mail.com,$2b$10$qndo3mSfIQ2eKj81n2EyoOUhq24kDVABmrmUq0aTzc7BfmiGgDkZS,Sat Mar 07 2026 18:31:30 GMT+0800 (中国标准时间),Sat Mar 07 2026 18:31:30 GMT+0800 (中国标准时间),deleted,Mon Jul 21 2025 13:51:59 GMT+0800 (中国标准时间),Reason 187
1102,user188,user188@example.com,$2b$10$m1KfDevAvEYrmRYkPn9rTeTUZtGzDRfqL8c6TQdZmqRbYFV9IBj4O,Sat Mar 07 2026 18:31:30 GMT+0800 (中国标准时间),Sat Mar 07 2026 18:31:30 GMT+0800 (中国标准时间),deleted,Sat Feb 07 2026 22:28:53 GMT+0800 (中国标准时间),Reason 188
1103,user189,user189@test.com,$2b$10$t2qb0iHb3p.PzSKgtBcSwumSaiE5XmLt1SHhJt9m3E5WkH0nV4NSK,Sat Mar 07 2026 18:31:30 GMT+0800 (中国标准时间),Sat Mar 07 2026 18:31:30 GMT+0800 (中国标准时间),deleted,Sun Dec 21 2025 01:08:47 GMT+0800 (中国标准时间),Reason 189
1104,user190,user190@test.com,$2b$10$TZUdrSge/N/vbv5cOjYG0u8r4xoLRyKbCPm3EIcQPvJG85Gr8qMeG,Sat Mar 07 2026 18:31:30 GMT+0800 (中国标准时间),Sat Mar 07 2026 18:31:30 GMT+0800 (中国标准时间),deleted,Mon Feb 16 2026 09:07:47 GMT+0800 (中国标准时间),Reason 190
1105,user191,user191@test.com,$2b$10$qtxJ8q3St6yoifD0r/CCbeySmjEiqtDJKQGj86qEvxutW9K7YQnE2,Sat Mar 07 2026 18:31:30 GMT+0800 (中国标准时间),Sat Mar 07 2026 18:31:30 GMT+0800 (中国标准时间),deleted,Sun Apr 27 2025 06:42:53 GMT+0800 (中国标准时间),Reason 191
1106,user192,user192@mail.com,$2b$10$xjWlM.FU2Oi0ga1FH/0tP.sO3oKVS8AYFXHzPQXJVOReO/dVpIHIi,Sat Mar 07 2026 18:31:30 GMT+0800 (中国标准时间),Sat Mar 07 2026 18:31:30 GMT+0800 (中国标准时间),deleted,Fri Dec 05 2025 10:58:50 GMT+0800 (中国标准时间),Reason 192
1107,user193,user193@mail.com,$2b$10$pl2pAX67U0OO93foiZ6B1.J8WLFs1ip3wraTPdBBWlqy4hDTTw2Rm,Sat Mar 07 2026 18:31:30 GMT+0800 (中国标准时间),Sat Mar 07 2026 18:31:30 GMT+0800 (中国标准时间),pending_deletion,Tue Jan 27 2026 16:10:32 GMT+0800 (中国标准时间),Reason 193
1108,user194,user194@test.com,$2b$10$ORgX.4zgPdPNtuec7mP4QOxcwsY1ZGsfJvak7beSjAOXCXJ6raXRO,Sat Mar 07 2026 18:31:30 GMT+0800 (中国标准时间),Sat Mar 07 2026 18:31:30 GMT+0800 (中国标准时间),active,,
1109,user195,user195@test.com,$2b$10$u8z872GMssyX3L5TEpZ6cui4a4tVw/LJKat8mD9iXma29tX8/7cw6,Sat Mar 07 2026 18:31:30 GMT+0800 (中国标准时间),Sat Mar 07 2026 18:31:30 GMT+0800 (中国标准时间),deleted,Sun May 25 2025 22:00:55 GMT+0800 (中国标准时间),Reason 195
1110,user196,user196@mail.com,$2b$10$mLHlb2HJKNj3SPiIlQtv1uoWp6uYMTuZyCs01C5HakEqnGZ9leuU2,Sat Mar 07 2026 18:31:30 GMT+0800 (中国标准时间),Sat Mar 07 2026 18:31:30 GMT+0800 (中国标准时间),deleted,Sun May 04 2025 03:02:56 GMT+0800 (中国标准时间),Reason 196
1111,user197,user197@example.com,$2b$10$sixgg8WYDC7pTQ0ZsDTva.JpGLkzwWFFCdNDd.d1t0Y0vaokLPBaK,Sat Mar 07 2026 18:31:30 GMT+0800 (中国标准时间),Sat Mar 07 2026 18:31:30 GMT+0800 (中国标准时间),pending_deletion,Tue Nov 04 2025 19:17:15 GMT+0800 (中国标准时间),Reason 197
1112,user198,user198@mail.com,$2b$10$GPAodZfS3mpOfwLCNkMMGOFm9tfxCSHwKhEcJljbEsi4rwTey4qGW,Sat Mar 07 2026 18:31:30 GMT+0800 (中国标准时间),Sat Mar 07 2026 18:31:30 GMT+0800 (中国标准时间),deleted,Wed Apr 02 2025 22:45:37 GMT+0800 (中国标准时间),Reason 198
1113,user199,user199@mail.com,$2b$10$2bfS5SsOP4tnsbRmwBqmgeU6H9t1floJPr4oP0aGZldHUKfKchmSe,Sat Mar 07 2026 18:31:30 GMT+0800 (中国标准时间),Sat Mar 07 2026 18:31:30 GMT+0800 (中国标准时间),active,,
1114,user200,user200@mail.com,$2b$10$cJ6cKUwGC0hBfFw1ruT7dO1CRqiH5KkeqXo4P82ZqXNfOHoYjI216,Sat Mar 07 2026 18:31:30 GMT+0800 (中国标准时间),Sat Mar 07 2026 18:31:30 GMT+0800 (中国标准时间),deleted,Mon Dec 01 2025 18:47:57 GMT+0800 (中国标准时间),Reason 200
